t,mark,rider,speed_kmh,accel_ms2,lat_accel_ms2,yaw_rate_rads,heading_deg,pitch_deg,roll_deg,lean_deg,slip_deg,throttle_in,steer_in,steer_deg,steer_limit_deg,surface_front,surface_rear,contact_f,contact_r,dist_along_m,off_centre_m,corner_radius_m,nitro,x,y,z
0.1,,riding,-1.0,0.00,0.00,0.000,0.0,0.0,0.0,0.0,0.0,0.0,0.0,0.0,32.0,road,road,1,1,11.0,2.50,straight,0,-2.50,1.39,10.99
0.2,,riding,-1.0,0.12,0.00,0.000,0.0,0.0,0.0,0.0,0.0,0.0,0.0,0.0,32.0,road,road,1,1,11.0,2.50,straight,0,-2.50,1.37,10.98
0.3,,riding,-0.7,0.77,0.00,0.000,0.0,0.0,0.0,0.0,0.0,0.0,0.0,0.0,32.0,road,road,1,1,11.0,2.50,straight,0,-2.50,1.35,10.97
0.4,,riding,-0.6,0.30,0.00,0.000,0.0,0.0,0.0,0.0,0.0,0.0,0.0,0.0,32.0,road,road,1,1,11.0,2.50,straight,0,-2.50,1.35,10.96
0.5,,riding,-0.7,-0.28,0.00,0.000,0.0,0.0,0.0,0.0,0.0,0.0,0.0,0.0,32.0,road,road,1,1,11.0,2.50,straight,0,-2.50,1.36,10.94
0.6,,riding,-0.8,-0.39,0.00,0.000,0.0,0.0,0.0,0.0,0.0,0.0,0.0,0.0,32.0,road,road,1,1,11.0,2.50,straight,0,-2.50,1.36,10.92
0.7,,riding,-1.0,-0.40,0.00,0.000,0.0,0.0,0.0,0.0,0.0,0.0,0.0,0.0,32.0,road,road,1,1,10.9,2.50,straight,0,-2.50,1.36,10.89
0.8,,riding,-1.1,-0.42,0.00,0.000,0.0,0.0,0.0,0.0,0.0,0.0,0.0,0.0,32.0,road,road,1,1,10.9,2.50,straight,0,-2.50,1.36,10.86
0.9,,riding,-0.3,2.43,0.00,0.000,0.0,0.0,0.0,0.0,0.0,1.0,0.0,0.0,32.0,road,road,1,1,10.9,2.50,straight,0,-2.50,1.36,10.85
1.0,,riding,3.4,10.17,0.00,0.000,0.0,0.0,0.0,0.0,0.0,1.0,0.0,0.0,32.0,road,road,1,1,10.9,2.50,straight,0,-2.50,1.36,10.92
1.1,,riding,6.8,9.50,0.00,0.000,0.0,0.0,0.0,0.0,0.0,1.0,0.0,0.0,32.0,road,road,1,1,11.1,2.50,straight,0,-2.50,1.37,11.08
1.2,,riding,10.2,9.45,0.00,0.000,0.0,0.0,0.0,0.0,0.0,1.0,0.0,0.0,27.6,road,road,1,1,11.3,2.50,straight,0,-2.50,1.38,11.34
1.3,,riding,13.6,9.36,0.00,0.000,0.0,0.0,0.0,0.0,0.0,1.0,0.0,0.0,21.2,road,road,1,1,11.7,2.50,straight,0,-2.50,1.39,11.70
1.4,,riding,16.9,9.28,0.00,0.000,0.0,0.0,0.0,0.0,0.0,1.0,0.0,0.0,17.1,road,road,1,1,12.1,2.50,straight,0,-2.50,1.41,12.14
1.5,,riding,20.2,9.18,0.00,0.000,0.0,0.0,0.0,0.0,0.0,1.0,0.0,0.0,14.4,road,road,1,1,12.6,2.50,straight,0,-2.50,1.43,12.68
1.6,,riding,23.5,9.07,0.00,0.000,0.0,0.0,0.0,0.0,0.0,1.0,0.0,0.0,12.4,road,road,1,1,13.3,2.50,straight,0,-2.50,1.46,13.31
1.7,,riding,26.7,8.95,0.00,0.000,0.0,0.0,0.0,0.0,0.0,1.0,0.0,0.0,10.9,road,road,1,1,14.0,2.50,straight,0,-2.50,1.49,14.03
1.8,,riding,29.9,8.83,0.00,0.000,0.0,0.0,0.0,0.0,0.0,1.0,0.0,0.0,9.7,road,road,1,1,14.8,2.50,straight,0,-2.50,1.52,14.84
1.9,,riding,33.0,8.69,0.00,0.000,0.0,0.0,0.0,0.0,0.0,1.0,0.0,0.0,8.8,road,road,1,1,15.6,2.50,straight,0,-2.50,1.56,15.74
2.0,,riding,36.1,8.55,0.00,0.000,0.0,0.0,0.0,0.0,0.0,1.0,0.0,0.0,8.1,road,road,1,1,16.6,2.50,straight,0,-2.50,1.60,16.72
2.1,,riding,39.1,8.40,0.00,0.000,0.0,0.0,0.0,0.0,0.0,1.0,0.0,0.0,7.4,road,road,1,1,17.7,2.50,straight,0,-2.50,1.65,17.78
2.2,,riding,42.1,8.25,0.00,0.000,0.0,0.0,0.0,0.0,0.0,1.0,0.0,0.0,6.9,road,road,1,1,18.8,2.50,straight,0,-2.50,1.70,18.93
2.3,,riding,45.0,8.09,0.00,0.000,0.0,0.0,0.0,0.0,0.0,1.0,0.0,0.0,6.5,road,road,1,1,20.0,2.50,straight,0,-2.50,1.75,20.16
2.4,,riding,47.9,7.93,0.00,0.000,0.0,0.0,0.0,0.0,0.0,1.0,0.0,0.0,6.1,road,road,1,1,21.3,2.50,straight,0,-2.50,1.80,21.47
2.5,,riding,50.7,7.76,0.00,0.000,0.0,0.0,0.0,0.0,0.0,1.0,0.0,0.0,5.7,road,road,1,1,22.7,2.50,straight,0,-2.50,1.86,22.86
2.6,,riding,53.4,7.59,0.00,0.000,0.0,0.0,0.0,0.0,0.0,1.0,0.0,0.0,5.4,road,road,1,1,24.1,2.50,straight,0,-2.50,1.92,24.32
2.7,,riding,56.1,7.42,0.00,0.000,0.0,0.0,0.0,0.0,0.0,1.0,0.0,0.0,5.2,road,road,1,1,25.7,2.50,straight,0,-2.50,1.99,25.86
2.8,,riding,58.7,7.25,0.00,0.000,0.0,0.0,0.0,0.0,0.0,1.0,0.0,0.0,4.9,road,road,1,1,27.3,2.50,straight,0,-2.50,2.05,27.48
2.9,,riding,61.2,7.08,0.00,0.000,0.0,0.0,0.0,0.0,0.0,1.0,0.0,0.0,4.5,road,road,1,1,28.9,2.50,straight,0,-2.50,2.12,29.16
3.0,,riding,63.7,6.91,0.00,0.000,0.0,0.0,0.0,0.0,0.0,1.0,0.0,0.0,4.1,road,road,1,1,30.7,2.50,straight,0,-2.50,2.19,30.91
3.1,,riding,66.1,6.73,0.00,0.000,0.0,0.0,0.0,0.0,0.0,1.0,0.0,0.0,3.8,road,road,1,1,32.5,2.50,straight,0,-2.50,2.26,32.73
3.2,,riding,68.5,6.57,0.00,0.000,0.0,0.0,0.0,0.0,0.0,1.0,0.0,0.0,3.6,road,road,1,1,34.4,2.50,straight,0,-2.50,2.32,34.62
3.3,,riding,70.8,6.40,0.00,0.000,0.0,0.0,0.0,0.0,0.0,1.0,0.0,0.0,3.3,road,road,1,1,36.3,2.50,straight,0,-2.50,2.39,36.57
3.4,,riding,73.0,6.23,0.00,0.000,0.0,0.0,0.0,0.0,0.0,1.0,0.0,0.0,3.1,road,road,1,1,38.3,2.50,straight,0,-2.50,2.46,38.58
3.5,,riding,75.2,6.06,0.00,0.000,0.0,0.0,0.0,0.0,0.0,1.0,0.0,0.0,3.0,road,road,1,1,40.4,2.50,straight,0,-2.50,2.52,40.66
3.6,,riding,77.4,5.90,0.00,0.000,0.0,0.0,0.0,0.0,0.0,1.0,0.0,0.0,2.8,road,road,1,1,42.5,2.50,straight,0,-2.50,2.58,42.79
3.7,,riding,79.4,5.75,0.00,0.000,0.0,0.0,0.0,0.0,0.0,1.0,0.0,0.0,2.7,road,road,1,1,44.7,2.50,straight,0,-2.50,2.63,44.99
3.8,,riding,81.4,5.60,0.00,0.000,0.0,0.0,0.0,0.0,0.0,1.0,0.0,0.0,2.5,road,road,1,1,46.9,2.50,straight,0,-2.50,2.67,47.24
3.9,,riding,83.4,5.45,0.00,0.000,0.0,0.0,0.0,0.0,0.0,1.0,0.0,0.0,2.4,road,road,1,1,49.2,2.50,straight,0,-2.50,2.71,49.54
4.0,,riding,85.3,5.31,0.00,0.000,0.0,0.0,0.0,0.0,0.0,1.0,0.0,0.0,2.3,road,road,1,1,51.5,2.50,straight,0,-2.50,2.74,51.90
4.1,,riding,87.2,5.17,0.00,0.000,0.0,0.0,0.0,0.0,0.0,1.0,0.0,0.0,2.2,road,road,1,1,53.9,2.50,straight,0,-2.50,2.76,54.31
4.2,,riding,89.0,5.03,0.00,0.000,0.0,0.0,0.0,0.0,0.0,1.0,0.0,0.0,2.1,road,road,1,1,56.4,2.50,straight,0,-2.50,2.77,56.77
4.3,,riding,90.7,4.89,0.00,0.000,0.0,0.0,0.0,0.0,0.0,1.0,0.0,0.0,2.0,road,road,1,1,58.9,2.50,straight,0,-2.50,2.77,59.28
4.4,,riding,92.4,4.74,0.00,0.000,0.0,0.0,0.0,0.0,0.0,1.0,0.0,0.0,2.0,road,road,1,1,61.4,2.50,straight,0,-2.50,2.76,61.84
4.5,,riding,94.1,4.60,0.00,0.000,0.0,0.0,0.0,0.0,0.0,1.0,0.0,0.0,1.9,road,road,1,1,64.0,2.50,straight,0,-2.50,2.74,64.44
4.6,,riding,95.7,4.46,0.00,0.000,0.0,0.0,0.0,0.0,0.0,1.0,0.0,0.0,1.8,road,road,1,1,66.7,2.50,straight,0,-2.50,2.72,67.09
4.7,,riding,97.3,4.32,0.00,0.000,0.0,0.0,0.0,0.0,0.0,1.0,0.0,0.0,1.8,road,road,1,1,69.3,2.50,straight,0,-2.50,2.69,69.78
4.8,,riding,98.8,4.18,0.00,0.000,0.0,0.0,0.0,0.0,0.0,1.0,0.0,0.0,1.7,road,road,1,1,72.1,2.50,straight,0,-2.50,2.65,72.52
4.9,,riding,100.2,4.05,0.00,0.000,0.0,0.0,0.0,0.0,0.0,1.0,0.0,0.0,1.7,road,road,1,1,74.8,2.50,straight,0,-2.50,2.60,75.29
5.0,,riding,101.6,3.92,0.00,0.000,0.0,0.0,0.0,0.0,0.0,1.0,0.0,0.0,1.6,road,road,1,1,77.6,2.50,straight,0,-2.50,2.54,78.11
5.1,,riding,103.0,3.79,0.00,0.000,0.0,0.0,0.0,0.0,0.0,1.0,0.0,0.0,1.6,road,road,1,1,80.5,2.50,straight,0,-2.50,2.47,80.96
5.2,,riding,104.3,3.66,0.00,0.000,0.0,0.0,0.0,0.0,0.0,1.0,0.0,0.0,1.5,road,road,1,1,83.4,2.50,straight,0,-2.50,2.40,83.85
5.3,,riding,105.6,3.54,0.00,0.000,0.0,0.0,0.0,0.0,0.0,1.0,0.0,0.0,1.5,road,road,1,1,86.3,2.50,straight,0,-2.50,2.31,86.77
5.4,,riding,106.8,3.42,0.00,0.000,0.0,0.0,0.0,0.0,0.0,1.0,0.0,0.0,1.5,road,road,1,1,89.2,2.50,straight,0,-2.50,2.22,89.73
5.5,,riding,108.0,3.31,0.00,0.000,0.0,0.0,0.0,0.0,0.0,1.0,0.0,0.0,1.4,road,road,1,1,92.2,2.50,straight,0,-2.50,2.11,92.72
5.6,,riding,109.2,3.20,0.00,0.000,0.0,0.0,0.0,0.0,0.0,1.0,0.0,0.0,1.4,road,road,1,1,95.2,2.50,450260,0,-2.50,2.00,95.75
5.7,,riding,110.3,3.09,0.00,0.000,0.0,0.0,0.0,0.0,0.0,1.0,0.0,0.0,1.4,road,road,1,1,98.3,2.50,24403,0,-2.50,1.88,98.80
5.8,,riding,111.3,2.98,0.00,0.000,0.0,0.0,0.0,0.0,0.0,1.0,0.0,0.0,1.3,road,road,1,1,101.4,2.50,8244,0,-2.50,1.74,101.89
5.9,,riding,112.4,2.87,0.00,0.000,0.0,0.0,0.0,0.0,0.0,1.0,0.0,0.0,1.3,road,road,1,1,104.5,2.50,4263,0,-2.50,1.60,105.00
6.0,,riding,113.4,2.77,0.00,0.000,0.0,0.0,0.0,0.0,0.0,1.0,0.0,0.0,1.3,road,road,1,1,107.6,2.50,2687,0,-2.50,1.46,108.14
6.1,,riding,114.3,2.68,0.00,0.000,0.0,0.0,0.0,0.0,0.0,1.0,0.0,0.0,1.3,road,road,1,1,110.8,2.50,1919,0,-2.50,1.30,111.31
6.2,,riding,115.3,2.60,0.00,0.000,0.0,0.0,0.0,0.0,0.0,1.0,0.0,0.0,1.3,road,road,1,1,114.0,2.49,1655,0,-2.50,1.13,114.50
6.3,,riding,116.2,2.53,0.00,0.000,0.0,0.0,0.0,-0.0,0.0,1.0,0.0,0.0,1.2,road,road,1,1,117.2,2.47,1658,0,-2.50,0.94,117.72
6.4,,riding,117.1,2.46,0.00,0.000,0.0,0.0,0.0,-0.0,0.0,1.0,0.0,0.0,1.2,road,road,1,1,120.5,2.44,1901,0,-2.50,0.73,120.96
6.5,,riding,117.9,2.39,0.01,0.000,0.0,0.0,0.0,-0.0,0.0,1.0,0.0,0.0,1.2,road,road,1,1,123.7,2.41,2618,0,-2.50,0.51,124.22
6.6,,riding,118.8,2.32,0.01,0.000,0.0,0.0,0.0,-0.0,0.0,1.0,0.0,0.0,1.2,road,road,1,1,127.0,2.37,5507,0,-2.50,0.27,127.51
6.7,,riding,119.6,2.25,0.01,0.000,0.0,0.0,0.0,-0.0,0.0,1.0,0.0,0.0,1.2,road,road,1,1,130.3,2.33,31010,0,-2.50,0.02,130.82
6.8,,riding,120.4,2.17,0.01,0.000,0.0,0.0,0.0,-0.0,0.0,1.0,0.0,0.0,1.2,road,road,1,1,133.6,2.29,2172,0,-2.50,-0.25,134.14
6.9,,riding,121.1,2.09,0.01,0.000,0.0,0.0,0.0,-0.1,0.0,1.0,0.0,0.0,1.1,road,road,1,1,137.0,2.26,1481,0,-2.50,-0.52,137.49
7.0,,riding,121.8,2.01,0.01,0.000,0.0,0.0,0.0,-0.1,0.0,1.0,0.0,0.0,1.1,road,road,1,1,140.4,2.23,1122,0,-2.50,-0.79,140.86
7.1,,riding,122.5,1.92,0.01,0.000,0.0,0.0,0.0,-0.0,0.0,1.0,0.0,0.0,1.1,road,road,1,1,143.8,2.21,902,0,-2.50,-1.07,144.25
7.2,,riding,123.2,1.84,0.00,0.000,0.0,0.0,0.0,-0.0,0.0,1.0,0.0,0.0,1.1,road,road,1,1,147.2,2.20,753,0,-2.50,-1.35,147.66
7.3,,riding,123.8,1.75,-0.00,-0.000,0.0,0.0,0.0,-0.0,0.0,1.0,0.0,0.0,1.1,road,road,1,1,150.6,2.21,646,0,-2.50,-1.64,151.08
7.4,,riding,124.4,1.61,11.67,0.338,1.4,0.0,0.0,-23.1,0.6,1.0,-1.0,-1.1,1.1,road,road,1,1,154.0,2.23,591,0,-2.47,-1.92,154.53
7.5,,riding,124.9,1.41,7.78,0.224,3.4,0.0,0.0,-37.4,1.2,1.0,0.0,0.0,1.1,road,road,1,1,157.5,2.19,696,0,-2.38,-2.20,157.98
7.6,,riding,125.4,1.37,1.51,0.043,3.9,0.0,0.0,-25.8,0.7,1.0,0.0,0.0,1.1,road,road,1,1,160.9,2.11,940,0,-2.21,-2.48,161.45
7.7,,riding,125.9,1.37,0.32,0.009,4.0,0.0,0.0,-13.0,0.3,1.0,0.0,0.0,1.1,road,road,1,1,164.4,2.00,1820,0,-1.99,-2.75,164.92
7.8,,riding,126.4,1.31,6.21,0.177,4.3,0.0,0.0,-10.8,0.2,1.0,-1.0,-1.0,1.0,road,road,1,1,167.9,1.88,15315,0,-1.75,-3.01,168.42
7.9,,riding,126.8,1.18,12.88,0.366,6.2,0.0,0.0,-29.5,0.9,1.0,-1.0,-1.0,1.0,road,road,1,1,171.5,1.70,6414,0,-1.46,-3.27,171.91
8.0,,riding,127.2,1.12,2.51,0.071,7.1,0.0,0.0,-30.8,0.8,1.0,0.0,0.0,1.0,road,road,1,1,175.0,1.44,7843,0,-1.10,-3.54,175.42
8.1,,riding,127.6,1.14,0.55,0.016,7.2,0.0,0.0,-18.2,0.4,1.0,0.0,0.0,1.0,road,road,1,1,178.5,1.12,1613,0,-0.69,-3.82,178.93
8.2,,riding,128.0,1.13,3.67,0.103,7.4,0.0,0.0,-7.6,0.2,1.0,-1.0,-1.0,1.0,road,road,1,1,182.0,0.77,812,0,-0.25,-4.11,182.44
8.3,,riding,128.4,1.00,12.44,0.349,9.0,0.0,0.0,-29.8,0.8,1.0,-1.0,-1.0,1.0,road,road,1,1,185.6,0.40,541,0,0.22,-4.40,185.96
8.4,,riding,128.7,0.85,5.99,0.168,10.8,0.0,0.0,-38.0,1.2,1.0,0.0,0.0,1.0,road,road,1,1,189.1,-0.02,404,0,0.78,-4.69,189.48
8.5,,riding,129.0,0.88,1.25,0.035,11.2,0.0,0.0,-26.4,0.6,1.0,0.0,0.0,1.0,road,road,1,1,192.7,-0.49,322,0,1.42,-4.98,193.00
8.6,,riding,129.3,0.87,9.99,0.278,12.0,0.0,0.0,-25.0,0.6,1.0,-1.0,-1.0,1.0,road,road,1,1,196.2,-0.97,266,0,2.10,-5.26,196.51
8.7,,riding,129.6,0.71,10.20,0.283,14.0,0.0,0.0,-38.6,1.2,1.0,0.0,0.0,1.0,road,road,1,1,199.8,-1.47,197,0,2.86,-5.54,200.02
8.8,,riding,129.8,0.70,2.05,0.057,14.7,0.0,0.0,-30.9,0.8,1.0,0.0,0.0,1.0,road,road,1,1,203.4,-1.99,173,0,3.70,-5.81,203.51
8.9,,riding,130.1,0.73,0.49,0.014,14.8,0.0,0.0,-16.5,0.3,1.0,0.0,0.0,1.0,road,road,1,1,207.1,-2.50,156,0,4.59,-6.08,207.01
9.0,,riding,130.3,0.71,0.19,0.005,14.9,0.0,0.0,-7.9,0.1,1.0,0.0,0.0,1.0,road,road,1,1,210.7,-2.94,146,0,5.50,-6.33,210.50
9.1,,riding,130.6,0.66,0.12,0.003,14.9,0.0,0.0,-3.3,0.1,1.0,0.0,0.0,1.0,road,road,1,1,214.4,-3.30,140,0,6.43,-6.58,214.00
9.2,,riding,130.8,0.58,6.21,0.171,15.2,0.0,0.0,-6.6,0.1,1.0,-1.0,-1.0,1.0,road,road,1,1,218.1,-3.56,146,0,7.36,-6.82,217.50
9.3,,riding,130.9,0.45,6.74,0.185,16.7,0.0,0.0,-28.6,0.8,1.0,0.0,0.0,1.0,road,road,1,1,221.9,-3.75,157,0,8.33,-7.04,221.00
9.4,,riding,131.1,0.40,1.30,0.036,17.2,0.0,0.0,-23.1,0.5,1.0,0.0,0.0,1.0,road,road,1,1,225.6,-3.91,168,0,9.36,-7.25,224.49
9.5,,riding,131.2,0.34,7.57,0.208,18.2,0.0,0.0,-28.8,0.7,1.0,0.0,0.0,1.0,road,road,1,1,229.3,-4.04,179,0,10.43,-7.44,227.97
9.6,,riding,131.3,0.34,1.46,0.040,18.7,0.0,0.0,-22.4,0.5,1.0,0.0,0.0,1.0,road,road,1,1,233.0,-4.16,189,0,11.55,-7.62,231.44
9.7,,riding,131.4,0.26,11.09,0.304,19.8,0.0,0.0,-28.1,0.7,1.0,-1.0,-1.0,1.0,road,road,1,1,236.8,-4.26,187,0,12.72,-7.80,234.89
9.8,,riding,131.5,0.23,2.11,0.058,20.6,0.0,0.0,-29.9,0.6,1.0,0.0,0.0,1.0,road,road,1,1,240.5,-4.34,185,0,13.94,-7.97,238.33
9.9,,riding,131.6,0.15,5.95,0.163,21.8,0.0,0.0,-32.7,0.8,1.0,0.0,0.0,1.0,road,road,1,1,244.3,-4.40,183,0,15.22,-8.14,241.75
10.0,,riding,131.6,0.14,9.26,0.253,22.6,0.0,0.0,-28.4,0.7,1.0,-1.0,-1.0,1.0,road,road,1,1,248.0,-4.46,177,0,16.56,-8.29,245.15
10.1,,riding,131.6,0.04,7.30,0.200,24.3,0.0,0.0,-39.0,1.1,1.0,0.0,0.0,1.0,road,road,1,1,251.7,-4.51,174,0,17.98,-8.44,248.52
10.2,,riding,131.6,0.03,9.52,0.260,25.3,0.0,0.0,-32.2,0.8,1.0,-1.0,-1.0,1.0,road,road,1,1,255.6,-4.56,171,0,19.46,-8.57,251.86
10.3,,riding,131.6,0.00,3.82,0.105,26.5,0.0,0.0,-38.3,0.9,1.0,0.0,0.0,1.0,road,road,1,1,259.3,-4.61,168,0,21.02,-8.70,255.17
10.4,,riding,131.7,0.03,8.86,0.242,27.3,0.0,0.0,-25.2,0.6,1.0,-1.0,-1.0,1.0,road,road,1,1,263.0,-4.64,160,0,22.63,-8.81,258.45
10.5,,riding,131.6,-0.01,3.70,0.101,28.5,0.0,0.0,-31.8,0.8,1.0,0.0,0.0,1.0,road,road,1,1,266.9,-4.66,157,0,24.31,-8.92,261.70
10.6,,riding,131.6,-0.03,10.35,0.283,29.5,0.0,0.0,-29.7,0.7,1.0,-1.0,-1.0,1.0,road,road,1,1,270.6,-4.65,155,0,26.04,-9.01,264.93
10.7,,riding,131.6,-0.06,2.83,0.077,30.5,0.0,0.0,-34.3,0.8,1.0,0.0,0.0,1.0,road,road,1,1,274.4,-4.62,154,0,27.83,-9.10,268.11
10.8,,riding,131.6,-0.09,10.19,0.279,31.4,0.0,0.0,-29.5,0.7,1.0,-1.0,-1.0,1.0,road,road,1,1,278.1,-4.55,156,0,29.67,-9.17,271.27
10.9,,riding,131.5,-0.10,1.93,0.053,32.1,0.0,0.0,-28.1,0.6,1.0,0.0,0.0,1.0,road,road,1,1,282.0,-4.46,159,0,31.56,-9.23,274.40
11.0,,riding,131.5,-0.16,7.67,0.210,33.1,0.0,0.0,-31.8,0.7,1.0,0.0,0.0,1.0,road,road,1,1,285.7,-4.33,164,0,33.50,-9.27,277.50
11.1,,riding,131.4,-0.14,1.45,0.040,33.6,0.0,0.0,-24.7,0.5,1.0,0.0,0.0,1.0,road,road,1,1,289.4,-4.17,174,0,35.48,-9.29,280.57
11.2,,riding,131.4,-0.21,8.45,0.232,35.0,0.0,0.0,-32.9,0.8,1.0,0.0,0.0,1.0,road,road,1,1,293.2,-3.99,180,0,37.51,-9.30,283.61
11.3,,riding,131.3,-0.20,7.73,0.212,35.8,0.0,0.0,-27.8,0.7,1.0,-1.0,-1.0,1.0,road,road,1,1,296.9,-3.80,184,0,39.59,-9.31,286.61
11.4,,riding,131.2,-0.28,6.99,0.192,37.4,0.0,0.0,-38.8,1.0,1.0,0.0,0.0,1.0,road,road,1,1,300.6,-3.60,189,0,41.72,-9.31,289.56
11.5,,riding,131.1,-0.24,7.45,0.205,38.1,0.0,0.0,-27.7,0.7,1.0,-1.0,-1.0,1.0,road,road,1,1,304.3,-3.40,197,0,43.92,-9.30,292.48
11.6,,riding,131.0,-0.24,3.42,0.094,39.2,0.0,0.0,-33.1,0.8,1.0,0.0,0.0,1.0,road,road,1,1,308.0,-3.21,200,0,46.16,-9.29,295.34
11.7,,riding,130.9,-0.20,8.78,0.241,39.9,0.0,0.0,-24.4,0.6,1.0,-1.0,-1.0,1.0,road,road,1,1,311.7,-3.01,203,0,48.45,-9.28,298.17
11.8,,riding,130.9,-0.21,3.67,0.101,41.1,0.0,0.0,-31.7,0.8,1.0,0.0,0.0,1.0,road,road,1,1,315.4,-2.80,203,0,50.79,-9.27,300.96
11.9,,riding,130.8,-0.19,8.83,0.243,41.9,0.0,0.0,-25.8,0.6,1.0,-1.0,-1.0,1.0,road,road,1,1,319.1,-2.58,198,0,53.16,-9.26,303.71
12.0,,riding,130.7,-0.19,3.68,0.101,43.1,0.0,0.0,-31.8,0.8,1.0,0.0,0.0,1.0,road,road,1,1,322.8,-2.37,176,0,55.59,-9.25,306.42
12.1,,riding,130.7,-0.20,11.49,0.317,44.3,0.0,0.0,-33.7,0.9,1.0,-1.0,-1.0,1.0,road,road,1,1,326.4,-2.16,164,0,58.06,-9.24,309.08
12.2,,riding,130.6,-0.15,2.17,0.060,45.1,0.0,0.0,-32.5,0.7,1.0,0.0,0.0,1.0,road,road,1,1,330.1,-1.94,154,0,60.59,-9.24,311.69
12.3,,riding,130.5,-0.19,8.59,0.237,46.5,0.0,0.0,-35.0,0.9,1.0,0.0,0.0,1.0,road,road,1,1,333.8,-1.69,150,0,63.16,-9.24,314.25
12.4,,riding,130.5,-0.13,5.11,0.141,47.2,0.0,0.0,-26.0,0.6,1.0,-1.0,-1.0,1.0,road,road,1,1,337.4,-1.40,159,0,65.77,-9.24,316.76
12.5,,riding,130.4,-0.21,9.14,0.252,48.8,0.0,0.0,-37.4,1.0,1.0,0.0,0.0,1.0,road,road,1,1,341.1,-1.09,171,0,68.44,-9.23,319.22
12.6,,riding,130.4,-0.14,5.21,0.144,49.5,0.0,0.0,-27.4,0.7,1.0,-1.0,-1.0,1.0,road,road,1,1,344.7,-0.79,191,0,71.14,-9.22,321.63
12.7,,riding,130.3,-0.19,6.52,0.180,50.9,0.0,0.0,-36.7,0.9,1.0,0.0,0.0,1.0,road,road,1,1,348.3,-0.47,215,0,73.90,-9.20,323.98
12.8,,riding,130.2,-0.13,7.36,0.203,51.6,0.0,0.0,-29.0,0.6,1.0,-1.0,-1.0,1.0,road,road,1,1,351.9,-0.17,245,0,76.70,-9.18,326.28
12.9,,riding,130.2,-0.18,6.92,0.191,53.2,0.0,0.0,-39.0,1.0,1.0,0.0,0.0,1.0,road,road,1,1,355.6,0.11,340,0,79.54,-9.16,328.52
13.0,,riding,130.1,-0.14,7.44,0.206,53.9,0.0,0.0,-30.7,0.7,1.0,-1.0,-1.0,1.0,road,road,1,1,359.2,0.37,420,0,82.42,-9.15,330.71
13.1,,riding,130.1,-0.14,3.42,0.095,55.0,0.0,0.0,-34.4,0.8,1.0,0.0,0.0,1.0,road,road,1,1,362.8,0.58,547,0,85.34,-9.13,332.84
13.2,,riding,130.0,-0.12,10.29,0.285,56.0,0.0,0.0,-28.1,0.7,1.0,-1.0,-1.0,1.0,road,road,1,1,366.4,0.76,784,0,88.29,-9.11,334.92
13.3,,riding,130.0,-0.14,3.96,0.110,57.3,0.0,0.0,-34.3,0.9,1.0,0.0,0.0,1.0,road,road,1,1,370.0,0.89,1271,0,91.29,-9.09,336.94
13.4,,riding,129.9,-0.12,10.40,0.288,58.3,0.0,0.0,-30.5,0.8,1.0,-1.0,-1.0,1.0,road,road,1,1,373.6,0.95,2236,0,94.32,-9.08,338.91
13.5,,riding,129.9,-0.13,3.98,0.110,59.7,0.0,0.0,-36.9,0.9,1.0,0.0,0.0,1.0,road,road,1,1,377.2,0.93,1611,0,97.39,-9.06,340.81
13.6,,riding,129.9,-0.09,8.88,0.246,60.4,0.0,0.0,-28.4,0.6,1.0,-1.0,-1.0,1.0,road,road,1,1,380.8,0.84,965,0,100.50,-9.05,342.65
13.7,,riding,129.8,-0.11,5.21,0.145,61.9,0.0,0.0,-37.1,1.0,1.0,0.0,0.0,1.0,road,road,1,1,384.4,0.68,632,0,103.64,-9.03,344.43
13.8,,riding,129.8,-0.03,0.98,0.027,62.2,0.0,0.0,-21.8,0.5,1.0,0.0,0.0,1.0,road,road,1,1,388.0,0.50,506,0,106.80,-9.02,346.15
13.9,,riding,129.8,0.03,0.19,0.005,62.3,0.0,0.0,-11.6,0.2,1.0,0.0,0.0,1.0,road,road,1,1,391.6,0.31,448,0,109.99,-9.01,347.85
14.0,,riding,129.8,0.05,0.03,0.001,62.3,0.0,0.0,-4.4,0.1,1.0,0.0,0.0,1.0,road,road,1,1,395.2,0.14,482,0,113.18,-9.01,349.53
14.1,,riding,129.8,0.02,9.66,0.268,63.1,0.0,0.0,-11.6,0.4,1.0,-1.0,-1.0,1.0,road,road,1,1,398.8,-0.01,563,0,116.38,-9.00,351.20
14.2,,riding,129.8,-0.04,5.36,0.149,64.6,0.0,0.0,-31.8,0.9,1.0,0.0,0.0,1.0,road,road,1,1,402.4,-0.19,681,0,119.60,-9.00,352.82
14.3,,riding,129.8,-0.02,1.01,0.028,64.9,0.0,0.0,-20.6,0.5,1.0,0.0,0.0,1.0,road,road,1,1,406.0,-0.40,861,0,122.85,-9.00,354.40
14.4,,riding,129.8,0.03,0.19,0.005,65.0,0.0,0.0,-11.2,0.2,1.0,0.0,0.0,1.0,road,road,1,1,409.6,-0.65,1812,0,126.12,-8.99,355.94
14.5,,riding,129.9,0.04,0.04,0.001,65.0,0.0,0.0,-4.9,0.1,1.0,0.0,0.0,1.0,road,road,1,1,413.2,-0.90,4011,0,129.38,-8.98,357.47
14.6,,riding,129.9,0.01,9.66,0.268,65.8,0.0,0.0,-11.4,0.4,1.0,-1.0,-1.0,1.0,road,road,1,1,416.8,-1.15,19520,0,132.66,-8.97,358.99
14.7,,riding,129.8,-0.03,2.70,0.075,66.7,0.0,0.0,-24.7,0.6,1.0,0.0,0.0,1.0,road,road,1,1,420.4,-1.45,2863,0,135.95,-8.96,360.46
14.8,,riding,129.8,-0.01,0.51,0.014,66.9,0.0,0.0,-14.8,0.3,1.0,0.0,0.0,1.0,road,road,1,1,424.0,-1.80,1591,0,139.26,-8.94,361.90
14.9,,riding,129.8,0.00,0.10,0.003,67.0,0.0,0.0,-7.1,0.1,1.0,0.0,0.0,1.0,road,road,1,1,427.6,-2.17,1058,0,142.58,-8.92,363.33
15.0,,riding,129.8,-0.01,0.02,0.001,67.0,0.0,0.0,-2.6,0.0,1.0,0.0,0.0,1.0,road,road,1,1,431.2,-2.58,1047,0,145.90,-8.89,364.74
15.1,,riding,129.8,-0.02,-3.48,-0.097,66.9,0.0,0.0,-1.3,0.0,1.0,1.0,1.0,1.0,road,road,1,1,434.7,-3.00,1176,0,149.22,-8.86,366.16
15.2,,riding,129.8,-0.10,-8.83,-0.245,65.4,0.0,0.0,27.1,-0.8,1.0,0.0,0.0,1.0,road,road,1,1,438.3,-3.42,1531,0,152.52,-8.82,367.60
15.3,,riding,129.8,-0.10,-1.67,-0.046,64.8,0.0,0.0,23.8,-0.6,1.0,0.0,0.0,1.0,road,road,1,1,441.9,-3.79,2155,0,155.81,-8.78,369.08
15.4,,riding,129.7,-0.07,-0.31,-0.009,64.7,0.0,0.0,12.7,-0.2,1.0,0.0,0.0,1.0,road,road,1,1,445.5,-4.12,5416,0,159.08,-8.73,370.60
15.5,,riding,129.7,-0.06,-6.19,-0.172,64.4,0.0,0.0,10.0,-0.2,1.0,1.0,1.0,1.0,road,road,1,1,449.1,-4.43,8326,0,162.34,-8.68,372.14
15.6,,riding,129.7,-0.15,-12.83,-0.356,62.6,0.0,0.0,29.1,-0.9,1.0,1.0,1.0,1.0,road,road,1,1,452.7,-4.71,9451,0,165.58,-8.63,373.72
15.7,,riding,129.5,-0.31,-14.08,-0.391,60.4,0.0,0.0,41.4,-1.4,1.0,1.0,1.0,1.0,road,road,1,1,456.3,-4.90,10258,0,168.78,-8.57,375.38
15.8,,riding,129.4,-0.45,-14.31,-0.398,58.1,0.0,0.0,44.9,-1.6,1.0,1.0,1.0,1.0,road,road,1,1,459.9,-4.98,10961,0,171.91,-8.52,377.15
15.9,,riding,129.3,-0.30,-2.70,-0.075,57.1,0.0,0.0,37.8,-1.0,1.0,0.0,0.0,1.0,road,road,1,1,463.5,-4.93,11933,0,174.98,-8.46,379.01
16.0,,riding,129.2,-0.10,-0.51,-0.014,56.9,0.0,0.0,20.2,-0.4,1.0,0.0,0.0,1.0,road,road,1,1,467.1,-4.81,12123,0,178.02,-8.40,380.93
16.1,,riding,129.2,-0.11,-11.76,-0.328,55.5,0.0,0.0,28.5,-0.8,1.0,1.0,1.0,1.0,road,road,1,1,470.6,-4.63,12049,0,181.02,-8.34,382.90
16.2,,riding,129.1,-0.24,-13.88,-0.387,53.4,0.0,0.0,40.1,-1.3,1.0,1.0,1.0,1.0,road,road,1,1,474.2,-4.38,11650,0,183.97,-8.27,384.94
16.3,,riding,129.0,-0.32,-6.16,-0.172,51.5,0.0,0.0,43.0,-1.4,1.0,0.0,0.0,1.0,road,road,1,1,477.8,-4.02,10796,0,186.86,-8.21,387.07
16.4,,riding,128.9,-0.15,-1.17,-0.033,51.1,0.0,0.0,30.1,-0.7,1.0,0.0,0.0,1.0,road,road,1,1,481.3,-3.56,4236,0,189.69,-8.14,389.26
16.5,,riding,128.2,-2.11,5.84,0.164,51.3,0.0,0.0,11.6,-0.2,0.0,-1.0,-1.0,1.0,road,road,1,1,484.9,-3.06,2291,0,192.49,-8.07,391.49
16.6,,riding,126.7,-4.21,12.60,0.358,53.1,0.0,0.0,-20.9,0.8,0.0,-1.0,-1.0,1.0,road,road,1,1,488.4,-2.57,1356,0,195.26,-8.00,393.67
16.7,,riding,125.1,-4.23,5.80,0.167,54.0,0.0,0.0,-25.8,0.8,0.0,-1.0,-1.1,1.1,road,road,1,1,491.9,-2.15,1134,0,198.04,-7.93,395.78
16.8,,riding,123.6,-4.35,12.58,0.366,55.8,0.0,0.0,-35.9,1.1,0.0,-1.0,-1.1,1.1,road,road,1,1,495.3,-1.82,1509,0,200.83,-7.85,397.80
16.9,,riding,122.0,-4.32,2.34,0.069,56.7,0.0,0.0,-31.6,0.9,0.0,0.0,0.0,1.1,road,road,1,1,498.7,-1.60,2290,0,203.63,-7.75,399.73
17.0,,riding,120.4,-4.39,8.45,0.253,57.4,0.0,0.0,-21.0,0.6,0.0,-1.0,-1.1,1.1,road,road,1,1,502.1,-1.46,19868,0,206.43,-7.63,401.58
17.1,,riding,118.8,-4.61,9.59,0.291,59.4,0.0,0.0,-37.9,1.2,0.0,0.0,0.0,1.2,road,road,1,1,505.4,-1.40,561,0,209.23,-7.46,403.35
17.2,,riding,117.2,-4.46,5.23,0.161,60.2,0.0,0.0,-29.7,0.8,0.0,-1.0,-1.2,1.2,road,road,1,1,508.7,-1.35,342,0,212.02,-7.26,405.04
17.3,,riding,115.6,-4.49,12.46,0.388,62.1,0.0,0.0,-39.2,1.1,0.0,-1.0,-1.2,1.2,road,road,1,1,511.9,-1.36,194,0,214.81,-7.07,406.63
17.4,,riding,114.0,-4.45,3.18,0.101,63.4,0.0,0.0,-37.7,1.0,0.0,0.0,0.0,1.3,road,road,1,1,515.1,-1.48,126,0,217.61,-6.90,408.13
17.5,,riding,112.3,-4.50,12.08,0.387,65.2,0.0,0.0,-38.2,1.1,0.0,-1.0,-1.3,1.3,road,road,1,1,518.3,-1.64,93,0,220.41,-6.74,409.54
17.6,,riding,110.7,-4.51,4.22,0.137,66.8,0.0,0.0,-38.7,1.2,0.0,0.0,0.0,1.4,road,road,1,1,521.4,-1.77,75,0,223.20,-6.58,410.84
17.7,,riding,109.1,-4.55,10.25,0.338,68.0,0.0,0.0,-34.1,0.9,0.0,-1.0,-1.4,1.4,road,road,1,1,524.6,-1.81,66,0,225.99,-6.41,412.05
17.8,,riding,107.4,-4.62,9.90,0.332,70.3,0.0,0.0,-42.9,1.4,0.0,0.0,0.0,1.4,road,road,1,1,527.8,-1.73,63,0,228.77,-6.21,413.17
17.9,,riding,105.8,-4.47,5.25,0.179,71.2,0.0,0.0,-32.9,0.9,0.0,-1.0,-1.5,1.5,road,road,1,1,530.8,-1.59,62,0,231.53,-6.01,414.19
18.0,,riding,104.1,-4.59,12.38,0.428,73.3,0.0,0.0,-40.2,1.2,0.0,-1.0,-1.5,1.5,road,road,1,1,533.8,-1.41,62,0,234.28,-5.80,415.11
18.1,,riding,102.5,-4.69,13.69,0.481,76.0,0.0,0.0,-44.4,1.6,0.0,-1.0,-1.6,1.6,road,road,1,1,536.6,-1.21,62,0,237.01,-5.60,415.93
18.2,,riding,100.7,-4.82,13.92,0.498,78.9,0.0,0.0,-46.5,1.8,0.0,-1.0,-1.6,1.6,road,road,1,1,539.5,-1.01,61,0,239.73,-5.39,416.61
18.3,,riding,99.0,-4.89,13.96,0.508,81.8,0.0,0.0,-47.4,1.9,0.0,-1.0,-1.7,1.7,road,road,1,1,542.3,-0.81,59,0,242.43,-5.18,417.15
18.4,,riding,97.2,-4.88,14.02,0.519,84.9,0.0,0.0,-47.8,2.0,0.0,-1.0,-1.7,1.7,road,road,1,1,545.1,-0.62,59,0,245.11,-4.99,417.55
18.5,,riding,95.5,-4.88,14.04,0.529,87.9,0.0,0.0,-47.9,2.0,0.0,-1.0,-1.8,1.8,road,road,1,1,547.8,-0.44,58,0,247.76,-4.80,417.80
18.6,,riding,93.7,-4.86,13.97,0.537,91.0,0.0,0.0,-48.0,2.0,0.0,-1.0,-1.9,1.9,road,road,1,1,550.4,-0.28,59,0,250.37,-4.62,417.90
18.7,,riding,92.0,-4.84,13.96,0.547,94.2,0.0,0.0,-48.0,2.1,0.0,-1.0,-2.0,2.0,road,road,1,1,553.0,-0.16,59,0,252.93,-4.45,417.86
18.8,,riding,90.2,-4.84,13.96,0.557,97.4,0.0,0.0,-48.0,2.1,0.0,-1.0,-2.0,2.0,road,road,1,1,555.5,-0.07,60,0,255.44,-4.28,417.69
18.9,,riding,88.5,-4.84,13.97,0.568,100.7,0.0,0.0,-48.0,2.1,0.0,-1.0,-2.1,2.1,road,road,1,1,558.0,-0.02,61,0,257.88,-4.11,417.38
19.0,,riding,86.8,-4.57,3.42,0.142,102.6,0.0,0.0,-41.8,1.6,0.0,0.0,0.0,2.2,road,road,1,1,560.5,0.01,63,0,260.26,-3.93,416.95
19.1,,riding,85.2,-4.49,11.14,0.471,104.4,0.0,0.0,-36.1,1.2,0.0,-1.0,-2.3,2.3,road,road,1,1,562.8,0.05,64,0,262.58,-3.75,416.45
19.2,,riding,83.6,-4.54,13.43,0.579,107.6,0.0,0.0,-43.2,1.7,0.0,-1.0,-2.4,2.4,road,road,1,1,565.2,0.07,66,0,264.83,-3.57,415.86
19.3,,riding,81.9,-4.69,13.86,0.609,111.1,0.0,0.0,-46.0,2.0,0.0,-1.0,-2.5,2.5,road,road,1,1,567.5,0.05,66,0,267.00,-3.39,415.16
19.4,,riding,80.2,-4.77,13.94,0.626,114.7,0.0,0.0,-47.2,2.1,0.0,-1.0,-2.6,2.6,road,road,1,1,569.7,-0.04,67,0,269.09,-3.22,414.35
19.5,,riding,81.3,3.04,3.57,0.158,116.8,0.0,0.0,-41.7,1.7,1.0,0.0,0.0,2.5,road,road,1,1,572.0,-0.16,66,0,271.13,-3.05,413.44
19.6,,riding,83.0,4.72,0.70,0.030,117.2,0.0,0.0,-23.3,0.7,1.0,0.0,0.0,2.4,road,road,1,1,574.3,-0.30,65,0,273.19,-2.87,412.43
19.7,,riding,84.6,4.48,10.93,0.465,118.8,0.0,0.0,-26.2,0.7,1.0,-1.0,-2.3,2.3,road,road,1,1,576.6,-0.42,65,0,275.26,-2.68,411.36
19.8,,riding,85.1,1.32,13.61,0.576,122.0,0.0,0.0,-39.1,1.5,0.0,-1.0,-2.3,2.3,road,road,1,1,579.0,-0.53,63,0,277.32,-2.49,410.20
19.9,,riding,83.4,-4.70,13.92,0.601,125.5,0.0,0.0,-44.4,1.9,0.0,-1.0,-2.4,2.4,road,road,1,1,581.3,-0.66,61,0,279.28,-2.30,408.97
20.0,,riding,81.6,-4.86,13.97,0.616,129.0,0.0,0.0,-46.5,2.1,0.0,-1.0,-2.5,2.5,road,road,1,1,583.7,-0.82,57,0,281.13,-2.11,407.65
20.1,,riding,82.6,2.60,8.41,0.367,132.3,0.0,0.0,-47.5,2.2,1.0,0.0,0.0,2.5,road,road,1,1,586.0,-1.05,57,0,282.90,-1.93,406.21
20.2,,riding,84.2,4.44,1.68,0.072,133.2,0.0,0.0,-31.2,1.2,1.0,0.0,0.0,2.4,road,road,1,1,588.3,-1.30,54,0,284.65,-1.73,404.68
20.3,,riding,85.7,4.36,9.98,0.419,134.5,0.0,0.0,-27.9,0.7,1.0,-1.0,-2.3,2.3,road,road,1,1,590.8,-1.52,51,0,286.37,-1.54,403.07
20.4,,riding,87.2,4.06,10.20,0.421,137.4,0.0,0.0,-39.6,1.5,1.0,0.0,0.0,2.2,road,road,1,1,593.2,-1.70,49,0,288.07,-1.33,401.37
20.5,,riding,88.6,4.07,1.97,0.080,138.5,0.0,0.0,-32.9,1.0,1.0,0.0,0.0,2.1,road,road,1,1,595.7,-1.84,50,0,289.75,-1.13,399.58
20.6,,riding,90.1,3.96,6.51,0.260,139.0,0.0,0.0,-19.5,0.4,1.0,-1.0,-2.1,2.1,road,road,1,1,598.4,-1.88,55,0,291.41,-0.92,397.74
20.7,,riding,91.4,3.72,12.97,0.511,141.6,0.0,0.0,-34.6,1.2,1.0,-1.0,-2.0,2.0,road,road,1,1,601.0,-1.82,55,0,293.04,-0.71,395.81
20.8,,riding,92.6,3.26,8.86,0.345,144.5,0.0,0.0,-42.6,1.8,1.0,0.0,0.0,1.9,road,road,1,1,603.7,-1.72,66,0,294.63,-0.50,393.80
20.9,,riding,93.9,3.58,5.17,0.198,145.5,0.0,0.0,-31.1,1.0,1.0,-1.0,-1.9,1.9,road,road,1,1,606.3,-1.60,83,0,296.16,-0.31,391.71
21.0,,riding,95.1,3.35,12.70,0.481,147.8,0.0,0.0,-39.1,1.3,1.0,-1.0,-1.8,1.8,road,road,1,1,609.0,-1.51,112,0,297.64,-0.12,389.54
21.1,,riding,96.3,3.35,3.32,0.124,149.4,0.0,0.0,-35.3,1.2,1.0,0.0,0.0,1.8,road,road,1,1,611.6,-1.47,154,0,299.07,0.07,387.30
21.2,,riding,97.5,3.37,0.64,0.024,149.7,0.0,0.0,-21.0,0.5,1.0,0.0,0.0,1.8,road,road,1,1,614.3,-1.51,194,0,300.47,0.26,384.99
21.3,,riding,98.7,3.31,0.12,0.004,149.8,0.0,0.0,-9.8,0.2,1.0,0.0,0.0,1.7,road,road,1,1,617.1,-1.52,240,0,301.85,0.45,382.64
21.4,,riding,99.8,3.19,-6.14,-0.221,149.4,0.0,0.0,-1.4,0.0,1.0,1.0,1.7,1.7,road,road,1,1,619.9,-1.50,292,0,303.25,0.64,380.26
21.5,,riding,100.9,3.01,-6.77,-0.242,147.5,0.0,0.0,25.1,-0.9,1.0,0.0,0.0,1.6,road,road,1,1,622.7,-1.41,351,0,304.69,0.83,377.87
21.6,,riding,102.0,2.95,-1.33,-0.047,146.9,0.0,0.0,21.7,-0.6,1.0,0.0,0.0,1.6,road,road,1,1,625.5,-1.24,445,0,306.20,1.02,375.48
21.7,,riding,103.0,2.90,-0.28,-0.010,146.8,0.0,0.0,11.3,-0.2,1.0,0.0,0.0,1.6,road,road,1,1,628.3,-1.03,665,0,307.74,1.19,373.09
21.8,,riding,104.1,2.83,-0.08,-0.003,146.7,0.0,0.0,5.1,-0.1,1.0,0.0,0.0,1.5,road,road,1,1,631.2,-0.80,1022,0,309.31,1.36,370.67
21.9,,riding,105.0,2.76,-0.05,-0.002,146.7,0.0,0.0,2.0,-0.0,1.0,0.0,0.0,1.5,road,road,1,1,634.1,-0.55,1022,0,310.91,1.53,368.24
22.0,,riding,106.0,2.69,-0.04,-0.001,146.7,0.0,0.0,1.1,-0.0,1.0,0.0,0.0,1.5,road,road,1,1,637.0,-0.28,3719,0,312.52,1.68,365.78
22.1,,riding,107.0,2.61,-0.03,-0.001,146.7,0.0,0.0,0.5,-0.0,1.0,0.0,0.0,1.5,road,road,1,1,640.0,0.01,1361,0,314.14,1.81,363.31
22.2,,riding,107.9,2.53,-0.02,-0.001,146.7,0.0,0.0,0.3,0.0,1.0,0.0,0.0,1.4,road,road,1,1,643.0,0.31,534,0,315.78,1.94,360.81
22.3,,riding,108.7,2.44,-0.02,-0.001,146.7,0.0,0.0,0.2,0.0,1.0,0.0,0.0,1.4,road,road,1,1,646.0,0.57,356,0,317.44,2.07,358.29
22.4,,riding,109.6,2.33,-0.01,-0.000,146.7,0.0,0.0,0.1,0.0,1.0,0.0,0.0,1.4,road,road,1,1,649.0,0.80,295,0,319.10,2.19,355.75
22.5,,riding,110.3,2.06,-0.01,-0.000,146.7,0.0,0.0,0.1,0.0,1.0,0.0,0.0,1.4,road,road,1,1,652.1,0.97,299,0,320.78,2.34,353.19
22.6,,riding,111.0,1.88,8.13,0.264,147.3,0.0,0.0,-6.7,0.2,1.0,-1.0,-1.4,1.4,road,road,1,1,655.2,1.08,642,0,322.47,2.52,350.62
22.7,,riding,111.6,1.71,9.24,0.298,149.3,0.0,0.0,-30.1,1.2,1.0,0.0,0.0,1.3,road,road,1,1,658.2,1.14,1767,0,324.12,2.71,348.00
22.8,,riding,111.6,-0.07,4.32,0.139,150.3,0.0,0.0,-28.8,1.6,1.0,0.0,0.0,1.3,road,road,1,1,661.3,1.16,7152,0,325.74,2.83,345.36
22.9,,riding,111.3,-0.70,3.82,0.123,151.0,0.0,0.0,-23.7,1.5,1.0,0.0,0.0,1.3,road,road,1,1,664.4,1.17,1901,0,327.33,2.86,342.71
23.0,,riding,112.1,2.17,0.73,0.023,151.3,0.0,0.0,-16.3,0.6,1.0,0.0,0.0,1.3,road,road,1,1,667.5,1.12,1679,0,328.88,2.83,340.01
23.1,,riding,113.0,2.38,0.14,0.004,151.4,0.0,0.0,-8.0,0.2,1.0,0.0,0.0,1.3,road,road,1,1,670.6,1.03,2327,0,330.40,2.77,337.27
23.2,,riding,113.8,2.29,0.03,0.001,151.4,0.0,0.0,-3.5,0.1,1.0,0.0,0.0,1.3,road,road,1,1,673.8,0.93,3801,0,331.92,2.71,334.50
23.3,,riding,114.6,2.20,0.00,0.000,151.4,0.0,0.0,-1.5,0.0,1.0,0.0,0.0,1.3,road,road,1,1,676.9,0.82,7178,0,333.44,2.67,331.71
23.4,,riding,115.4,2.13,0.00,0.000,151.4,0.0,0.0,-0.6,0.0,1.0,0.0,0.0,1.3,road,road,1,1,680.1,0.71,19882,0,334.98,2.65,328.90
23.5,,riding,116.1,2.05,0.00,0.000,151.4,0.0,0.0,-0.2,0.0,1.0,0.0,0.0,1.2,road,road,1,1,683.4,0.60,82823,0,336.52,2.63,326.07
23.6,,riding,116.8,1.96,0.00,0.000,151.4,0.0,0.0,-0.1,0.0,1.0,0.0,0.0,1.2,road,road,1,1,686.6,0.49,17054,0,338.07,2.60,323.23
23.7,,riding,117.5,1.88,0.00,0.000,151.4,0.0,0.0,-0.0,0.0,1.0,0.0,0.0,1.2,road,road,1,1,689.8,0.37,10066,0,339.63,2.57,320.37
23.8,,riding,118.1,1.81,0.00,0.000,151.4,0.0,0.0,-0.0,0.0,1.0,0.0,0.0,1.2,road,road,1,1,693.1,0.26,7172,0,341.21,2.53,317.49
23.9,,riding,118.8,1.73,0.00,0.000,151.4,0.0,0.0,-0.0,0.0,1.0,0.0,0.0,1.2,road,road,1,1,696.4,0.14,5470,0,342.78,2.48,314.60
24.0,,riding,119.4,1.66,0.00,0.000,151.4,0.0,0.0,-0.0,0.0,1.0,0.0,0.0,1.2,road,road,1,1,699.7,0.02,4280,0,344.37,2.43,311.69
24.1,,riding,119.9,1.59,0.00,0.000,151.4,0.0,0.0,-0.0,0.0,1.0,0.0,0.0,1.2,road,road,1,1,703.0,-0.10,3356,0,345.97,2.38,308.77
24.2,,riding,120.5,1.53,0.00,0.000,151.4,0.0,0.0,-0.0,0.0,1.0,0.0,0.0,1.1,road,road,1,1,706.4,-0.23,2047,0,347.57,2.33,305.83
24.3,,riding,121.0,1.47,0.00,0.000,151.4,0.0,0.0,-0.0,0.0,1.0,0.0,0.0,1.1,road,road,1,1,709.7,-0.36,2085,0,349.18,2.28,302.88
24.4,,riding,121.5,1.41,0.00,0.000,151.4,0.0,0.0,-0.0,0.0,1.0,0.0,0.0,1.1,road,road,1,1,713.1,-0.50,2876,0,350.80,2.22,299.92
24.5,,riding,122.0,1.37,0.00,0.000,151.4,0.0,0.0,-0.0,0.0,1.0,0.0,0.0,1.1,road,road,1,1,716.5,-0.64,8509,0,352.42,2.15,296.95
24.6,,riding,122.5,1.33,0.00,0.000,151.4,0.0,0.0,-0.0,0.0,1.0,0.0,0.0,1.1,road,road,1,1,719.9,-0.80,6516,0,354.05,2.08,293.96
24.7,,riding,122.9,1.28,-8.14,-0.238,150.9,0.0,0.0,4.6,-0.2,1.0,1.0,1.1,1.1,road,road,1,1,723.3,-0.96,3216,0,355.69,1.99,290.97
24.8,,riding,123.4,1.18,-13.23,-0.386,148.9,0.0,0.0,29.5,-1.0,1.0,1.0,1.1,1.1,road,road,1,1,726.7,-1.06,11152,0,357.38,1.88,287.99
24.9,,riding,123.7,1.01,-14.19,-0.413,146.5,0.0,0.0,40.5,-1.5,1.0,1.0,1.1,1.1,road,road,1,1,730.1,-1.05,313,0,359.15,1.75,285.05
25.0,,riding,124.1,0.91,-13.11,-0.380,144.2,0.0,0.0,44.9,-1.6,1.0,1.0,1.1,1.1,road,road,1,1,733.6,-0.91,175,0,361.04,1.59,282.18
25.1,,riding,124.4,0.97,-9.67,-0.280,142.4,0.0,0.0,45.8,-1.4,1.0,1.0,1.1,1.1,road,road,1,1,737.0,-0.68,119,0,363.04,1.40,279.36
25.2,,riding,124.8,1.04,-11.15,-0.322,140.7,0.0,0.0,45.8,-1.3,1.0,1.0,1.1,1.1,road,road,1,1,740.4,-0.42,94,0,365.13,1.17,276.61
25.3,,riding,125.2,1.05,-12.23,-0.352,138.7,0.0,0.0,47.0,-1.3,1.0,1.0,1.1,1.1,road,road,1,1,743.9,-0.23,82,0,367.32,0.93,273.92
25.4,,riding,125.5,0.92,-14.02,-0.402,136.5,0.0,0.0,47.6,-1.5,1.0,1.0,1.1,1.1,road,road,1,1,747.3,-0.12,78,0,369.61,0.69,271.30
25.5,,riding,125.8,0.74,-14.34,-0.411,134.1,0.0,0.0,47.8,-1.7,1.0,1.0,1.1,1.1,road,road,1,1,750.8,-0.04,79,0,372.00,0.46,268.77
25.6,,riding,126.0,0.70,-14.41,-0.412,131.7,0.0,0.0,47.9,-1.7,1.0,1.0,1.0,1.0,road,road,1,1,754.3,0.05,85,0,374.50,0.25,266.32
25.7,,riding,126.3,0.67,-14.42,-0.411,129.3,0.0,0.0,48.0,-1.7,1.0,1.0,1.0,1.0,road,road,1,1,757.8,0.14,87,0,377.10,0.04,263.98
25.8,,riding,126.0,-0.77,-6.28,-0.179,127.4,0.0,0.0,46.9,-1.5,0.0,0.0,0.0,1.0,road,road,1,1,761.3,0.25,89,0,379.79,-0.17,261.74
25.9,,riding,124.7,-3.47,-1.20,-0.035,126.9,0.0,0.0,30.3,-0.7,0.0,0.0,0.0,1.1,road,road,1,1,764.8,0.31,89,0,382.52,-0.40,259.60
26.0,,riding,123.5,-3.41,-11.74,-0.342,125.4,0.0,0.0,33.5,-0.9,0.0,1.0,1.1,1.1,road,road,1,1,768.3,0.31,91,0,385.26,-0.63,257.54
26.1,,riding,122.2,-3.50,-13.71,-0.404,123.2,0.0,0.0,42.2,-1.4,0.0,1.0,1.1,1.1,road,road,1,1,771.7,0.26,92,0,388.03,-0.86,255.58
26.2,,riding,120.9,-3.61,-14.07,-0.419,120.8,0.0,0.0,45.6,-1.6,0.0,1.0,1.1,1.1,road,road,1,1,775.1,0.21,97,0,390.84,-1.10,253.73
26.3,,riding,119.6,-3.67,-14.14,-0.425,118.3,0.0,0.0,47.0,-1.7,0.0,1.0,1.2,1.2,road,road,1,1,778.4,0.17,98,0,393.69,-1.33,252.01
26.4,,riding,118.3,-3.68,-14.15,-0.430,115.8,0.0,0.0,47.7,-1.8,0.0,1.0,1.2,1.2,road,road,1,1,781.8,0.17,97,0,396.58,-1.56,250.44
26.5,,riding,117.0,-3.67,-14.16,-0.436,113.3,0.0,0.0,47.8,-1.8,0.0,1.0,1.2,1.2,road,road,1,1,785.0,0.21,95,0,399.50,-1.79,249.01
26.6,,riding,115.8,-3.41,-2.68,-0.083,112.2,0.0,0.0,39.6,-1.2,0.0,0.0,0.0,1.2,road,road,1,1,788.3,0.26,90,0,402.44,-2.02,247.70
26.7,,riding,114.6,-3.31,-11.16,-0.351,110.8,0.0,0.0,33.1,-1.0,0.0,1.0,1.3,1.3,road,road,1,1,791.5,0.30,85,0,405.38,-2.25,246.48
26.8,,riding,113.3,-3.38,-13.60,-0.432,108.5,0.0,0.0,41.9,-1.4,0.0,1.0,1.3,1.3,road,road,1,1,794.7,0.30,79,0,408.33,-2.47,245.36
26.9,,riding,112.1,-3.51,-14.04,-0.451,105.9,0.0,0.0,45.6,-1.7,0.0,1.0,1.3,1.3,road,road,1,1,797.8,0.30,75,0,411.28,-2.68,244.37
27.0,,riding,110.8,-3.61,-14.13,-0.459,103.2,0.0,0.0,47.0,-1.8,0.0,1.0,1.3,1.3,road,road,1,1,800.9,0.30,72,0,414.24,-2.89,243.51
27.1,,riding,111.4,1.70,-4.74,-0.153,101.4,0.0,0.0,45.3,-1.5,1.0,0.0,0.0,1.3,road,road,1,1,804.0,0.29,71,0,417.23,-3.09,242.79
27.2,,riding,112.4,2.90,-0.91,-0.029,101.0,0.0,0.0,27.2,-0.7,1.0,0.0,0.0,1.3,road,road,1,1,807.1,0.21,73,0,420.28,-3.29,242.13
27.3,,riding,113.5,2.82,-9.84,-0.312,100.1,0.0,0.0,26.1,-0.6,1.0,1.0,1.3,1.3,road,road,1,1,810.3,0.05,77,0,423.36,-3.49,241.53
27.4,,riding,114.4,2.57,-13.57,-0.427,97.8,0.0,0.0,37.5,-1.3,1.0,1.0,1.3,1.3,road,road,1,1,813.4,-0.17,85,0,426.48,-3.68,240.99
27.5,,riding,115.2,2.27,-14.27,-0.446,95.2,0.0,0.0,43.7,-1.6,1.0,1.0,1.3,1.3,road,road,1,1,816.6,-0.41,95,0,429.64,-3.87,240.56
27.6,,riding,115.9,2.03,-14.40,-0.447,92.6,0.0,0.0,46.3,-1.8,1.0,1.0,1.2,1.2,road,road,1,1,819.8,-0.61,106,0,432.84,-4.05,240.26
27.7,,riding,116.6,1.88,-14.43,-0.445,90.0,0.0,0.0,47.3,-1.8,1.0,1.0,1.2,1.2,road,road,1,1,823.0,-0.76,118,0,436.06,-4.23,240.10
27.8,,riding,117.2,1.77,-14.43,-0.443,87.4,0.0,0.0,47.7,-1.8,1.0,1.0,1.2,1.2,road,road,1,1,826.3,-0.83,117,0,439.31,-4.40,240.08
27.9,,riding,117.8,1.67,-14.44,-0.441,84.8,0.0,0.0,47.9,-1.8,1.0,1.0,1.2,1.2,road,road,1,1,829.5,-0.83,114,0,442.57,-4.58,240.21
28.0,,riding,118.5,1.77,-3.65,-0.111,83.4,0.0,0.0,42.3,-1.3,1.0,0.0,0.0,1.2,road,road,1,1,832.8,-0.78,115,0,445.85,-4.75,240.48
28.1,,riding,119.2,1.94,-0.71,-0.021,83.1,0.0,0.0,21.4,-0.6,1.0,0.0,0.0,1.2,road,road,1,1,836.0,-0.77,125,0,449.13,-4.92,240.82
28.2,,riding,119.9,1.95,-0.14,-0.004,83.0,0.0,0.0,11.1,-0.2,1.0,0.0,0.0,1.2,road,road,1,1,839.3,-0.83,148,0,452.43,-5.09,241.20
28.3,,riding,120.5,1.86,-0.02,-0.001,83.0,0.0,0.0,4.1,-0.1,1.0,0.0,0.0,1.1,road,road,1,1,842.7,-0.96,196,0,455.75,-5.26,241.60
28.4,,riding,121.2,1.76,0.01,0.000,83.0,0.0,0.0,2.0,-0.0,1.0,0.0,0.0,1.1,road,road,1,1,846.0,-1.14,307,0,459.09,-5.42,242.01
28.5,,riding,121.8,1.66,0.02,0.000,83.0,0.0,0.0,0.8,-0.0,1.0,0.0,0.0,1.1,road,road,1,1,849.4,-1.35,568,0,462.44,-5.57,242.42
28.6,,riding,122.3,1.56,0.02,0.001,83.0,0.0,0.0,0.2,0.0,1.0,0.0,0.0,1.1,road,road,1,1,852.8,-1.55,1316,0,465.81,-5.72,242.83
28.7,,riding,122.9,1.46,0.02,0.001,83.0,0.0,0.0,0.0,0.0,1.0,0.0,0.0,1.1,road,road,1,1,856.2,-1.73,2386,0,469.19,-5.86,243.25
28.8,,riding,123.4,1.35,0.01,0.000,83.0,0.0,0.0,-0.0,0.0,1.0,0.0,0.0,1.1,road,road,1,1,859.6,-1.90,1496,0,472.59,-5.98,243.66
28.9,,riding,123.8,1.26,0.01,0.000,83.0,0.0,0.0,-0.1,0.0,1.0,0.0,0.0,1.1,road,road,1,1,863.0,-2.10,1296,0,476.00,-6.10,244.08
29.0,,riding,124.2,1.17,0.01,0.000,83.0,0.0,0.0,-0.1,0.0,1.0,0.0,0.0,1.1,road,road,1,1,866.5,-2.32,1486,0,479.42,-6.20,244.50
29.1,,riding,124.6,1.05,-11.68,-0.337,81.6,0.0,0.0,20.4,-0.6,1.0,1.0,1.1,1.1,road,road,1,1,869.9,-2.54,3173,0,482.85,-6.30,244.94
29.2,,riding,124.9,0.91,-4.23,-0.122,80.2,0.0,0.0,32.8,-1.0,1.0,0.0,0.0,1.1,road,road,1,1,873.4,-2.70,3024,0,486.28,-6.39,245.45
29.3,,riding,125.3,0.91,-0.80,-0.023,79.9,0.0,0.0,21.1,-0.5,1.0,0.0,0.0,1.1,road,road,1,1,876.9,-2.80,991,0,489.71,-6.47,246.01
29.4,,riding,125.6,0.92,-0.15,-0.004,79.8,0.0,0.0,8.8,-0.2,1.0,0.0,0.0,1.1,road,road,1,1,880.4,-2.84,522,0,493.15,-6.56,246.61
29.5,,riding,125.9,0.89,-0.03,-0.001,79.8,0.0,0.0,3.8,-0.1,1.0,0.0,0.0,1.0,road,road,1,1,883.9,-2.84,492,0,496.59,-6.65,247.23
29.6,,riding,126.2,0.85,-0.01,-0.000,79.8,0.0,0.0,1.8,-0.0,1.0,0.0,0.0,1.0,road,road,1,1,887.4,-2.79,527,0,500.04,-6.74,247.84
29.7,,riding,126.5,0.79,-0.00,-0.000,79.8,0.0,0.0,0.7,-0.0,1.0,0.0,0.0,1.0,road,road,1,1,891.0,-2.72,634,0,503.50,-6.83,248.47
29.8,,riding,126.8,0.75,-0.00,-0.000,79.8,0.0,0.0,0.3,-0.0,1.0,0.0,0.0,1.0,road,road,1,1,894.5,-2.63,889,0,506.96,-6.91,249.09
29.9,,riding,127.0,0.70,-0.00,-0.000,79.8,0.0,0.0,0.1,-0.0,1.0,0.0,0.0,1.0,road,road,1,1,898.0,-2.52,9498,0,510.44,-6.99,249.71
30.0,,riding,127.3,0.66,-0.00,-0.000,79.8,0.0,0.0,0.1,-0.0,1.0,0.0,0.0,1.0,road,road,1,1,901.5,-2.41,4703,0,513.92,-7.07,250.34
30.1,,riding,127.5,0.62,-0.00,-0.000,79.8,0.0,0.0,0.0,-0.0,1.0,0.0,0.0,1.0,road,road,1,1,905.1,-2.31,2103,0,517.40,-7.15,250.97
30.2,,riding,126.4,-3.01,-0.00,-0.000,79.8,0.0,0.0,0.0,-0.0,0.0,0.0,0.0,1.0,road,road,1,1,908.6,-2.22,1245,0,520.87,-7.22,251.59
30.3,,riding,125.1,-3.73,-0.00,-0.000,79.8,0.0,0.0,0.0,-0.0,0.0,0.0,0.0,1.1,road,road,1,1,912.1,-2.15,776,0,524.30,-7.29,252.21
30.4,,riding,123.7,-3.73,-3.46,-0.101,79.7,0.0,0.0,0.0,-0.0,0.0,1.0,1.1,1.1,road,road,1,1,915.5,-2.07,455,0,527.69,-7.36,252.82
30.5,,riding,122.4,-3.81,-12.17,-0.358,78.1,0.0,0.0,23.0,-0.8,0.0,1.0,1.1,1.1,road,road,1,1,919.0,-1.97,220,0,531.04,-7.41,253.45
30.6,,riding,120.9,-3.96,-13.78,-0.410,75.7,0.0,0.0,37.9,-1.4,0.0,1.0,1.1,1.1,road,road,1,1,922.3,-1.84,173,0,534.34,-7.46,254.16
30.7,,riding,119.5,-4.10,-14.08,-0.424,73.3,0.0,0.0,44.4,-1.6,0.0,1.0,1.2,1.2,road,road,1,1,925.6,-1.69,144,0,537.57,-7.51,254.97
30.8,,riding,118.0,-4.14,-14.13,-0.431,70.8,0.0,0.0,46.3,-1.7,0.0,1.0,1.2,1.2,road,road,1,1,928.8,-1.51,124,0,540.72,-7.57,255.90
30.9,,riding,116.5,-4.13,-14.14,-0.437,68.3,0.0,0.0,47.3,-1.8,0.0,1.0,1.2,1.2,road,road,1,1,932.0,-1.25,104,0,543.79,-7.63,256.96
31.0,,riding,115.0,-4.10,-14.14,-0.443,65.7,0.0,0.0,47.7,-1.8,0.0,1.0,1.3,1.3,road,road,1,1,935.2,-0.91,88,0,546.77,-7.71,258.13
31.1,,riding,113.5,-4.09,-14.14,-0.449,63.1,0.0,0.0,47.9,-1.8,0.0,1.0,1.3,1.3,road,road,1,1,938.3,-0.53,77,0,549.67,-7.80,259.41
31.2,,riding,112.1,-4.09,-14.15,-0.454,60.5,0.0,0.0,48.0,-1.9,0.0,1.0,1.3,1.3,road,road,1,1,941.4,-0.15,68,0,552.46,-7.88,260.81
31.3,,riding,110.6,-4.09,-14.14,-0.460,57.8,0.0,0.0,48.0,-1.9,0.0,1.0,1.4,1.4,road,road,1,1,944.5,0.18,62,0,555.15,-7.96,262.32
31.4,,riding,109.1,-4.10,-14.13,-0.466,55.1,0.0,0.0,48.0,-1.9,0.0,1.0,1.4,1.4,road,road,1,1,947.6,0.47,58,0,557.73,-8.02,263.93
31.5,,riding,107.6,-4.11,-14.13,-0.472,52.3,0.0,0.0,48.0,-1.9,0.0,1.0,1.4,1.4,road,road,1,1,950.6,0.78,55,0,560.20,-8.08,265.63
31.6,,riding,106.2,-4.06,-8.07,-0.274,49.9,0.0,0.0,47.9,-1.9,0.0,0.0,0.0,1.5,road,road,1,1,953.6,1.07,53,0,562.55,-8.12,267.42
31.7,,riding,104.8,-3.71,-1.51,-0.052,49.2,0.0,0.0,32.8,-1.0,0.0,0.0,0.0,1.5,road,road,1,1,956.6,1.31,51,0,564.81,-8.16,269.27
31.8,,riding,103.5,-3.59,-9.80,-0.341,48.1,0.0,0.0,25.2,-0.7,0.0,1.0,1.5,1.5,road,road,1,1,959.6,1.42,50,0,567.01,-8.21,271.15
31.9,,riding,102.2,-3.67,-13.32,-0.469,45.6,0.0,0.0,39.8,-1.4,0.0,1.0,1.6,1.6,road,road,1,1,962.5,1.42,51,0,569.12,-8.26,273.06
32.0,,riding,100.8,-3.82,-13.96,-0.498,42.8,0.0,0.0,44.1,-1.7,0.0,1.0,1.6,1.6,road,road,1,1,965.4,1.33,53,0,571.13,-8.33,275.03
32.1,,riding,99.4,-3.92,-14.07,-0.510,39.8,0.0,0.0,46.4,-1.9,0.0,1.0,1.7,1.7,road,road,1,1,968.2,1.22,57,0,573.02,-8.39,277.06
32.2,,riding,98.0,-3.95,-14.09,-0.517,36.8,0.0,0.0,47.4,-2.0,0.0,1.0,1.7,1.7,road,road,1,1,971.0,1.11,60,0,574.77,-8.46,279.15
32.3,,riding,96.6,-3.96,-14.09,-0.525,33.8,0.0,0.0,47.7,-2.0,0.0,1.0,1.8,1.8,road,road,1,1,973.8,1.04,62,0,576.40,-8.53,281.30
32.4,,riding,95.2,-3.95,-14.09,-0.533,30.7,0.0,0.0,47.9,-2.0,0.0,1.0,1.8,1.8,road,road,1,1,976.5,1.02,62,0,577.88,-8.59,283.50
32.5,,riding,93.7,-3.94,-14.08,-0.541,27.5,0.0,0.0,48.0,-2.1,0.0,1.0,1.9,1.9,road,road,1,1,979.1,1.03,59,0,579.22,-8.65,285.75
32.6,,riding,92.3,-3.93,-14.08,-0.549,24.4,0.0,0.0,48.0,-2.1,0.0,1.0,1.9,1.9,road,road,1,1,981.8,1.07,59,0,580.42,-8.71,288.03
32.7,,riding,92.9,1.47,-14.42,-0.559,21.1,0.0,0.0,48.0,-2.1,1.0,1.0,1.9,1.9,road,road,1,1,984.4,1.15,56,0,581.49,-8.78,290.36
32.8,,riding,94.4,4.38,-2.78,-0.106,19.7,0.0,0.0,39.3,-1.4,1.0,0.0,0.0,1.9,road,road,1,1,987.1,1.23,53,0,582.47,-8.84,292.79
32.9,,riding,96.0,4.39,-8.73,-0.327,18.8,0.0,0.0,27.6,-0.7,1.0,1.0,1.8,1.8,road,road,1,1,989.8,1.25,51,0,583.39,-8.91,295.28
33.0,,riding,97.5,4.15,-13.45,-0.497,16.2,0.0,0.0,39.1,-1.4,1.0,1.0,1.8,1.8,road,road,1,1,992.6,1.20,50,0,584.24,-8.98,297.84
33.1,,riding,98.9,3.81,-14.34,-0.522,13.2,0.0,0.0,44.4,-1.8,1.0,1.0,1.7,1.7,road,road,1,1,995.3,1.10,51,0,585.00,-9.05,300.47
33.2,,riding,100.1,3.52,-14.49,-0.521,10.1,0.0,0.0,46.5,-1.9,1.0,1.0,1.7,1.7,road,road,1,1,998.1,0.94,53,0,585.64,-9.12,303.17
33.3,,riding,101.3,3.32,-14.52,-0.516,7.1,0.0,0.0,47.4,-2.0,1.0,1.0,1.6,1.6,road,road,1,1,1001.0,0.77,57,0,586.14,-9.19,305.93
33.4,,riding,102.5,3.18,-14.51,-0.510,4.1,0.0,0.0,47.8,-2.0,1.0,1.0,1.6,1.6,road,road,1,1,1003.9,0.59,62,0,586.51,-9.26,308.75
33.5,,riding,103.6,3.05,-14.51,-0.504,1.2,0.0,0.0,47.9,-2.0,1.0,1.0,1.6,1.6,road,road,1,1,1006.8,0.44,67,0,586.73,-9.32,311.61
33.6,,riding,104.6,2.93,-14.50,-0.499,-1.7,0.0,0.0,48.0,-2.0,1.0,1.0,1.5,1.5,road,road,1,1,1009.7,0.32,71,0,586.80,-9.39,314.51
33.7,,riding,105.6,2.82,-14.50,-0.494,-4.6,0.0,0.0,48.0,-2.0,1.0,1.0,1.5,1.5,road,road,1,1,1012.6,0.25,75,0,586.72,-9.46,317.44
33.8,,riding,106.6,2.70,-14.50,-0.489,-7.5,0.0,0.0,48.0,-2.0,1.0,1.0,1.5,1.5,road,road,1,1,1015.6,0.20,78,0,586.50,-9.52,320.38
33.9,,riding,107.6,2.60,-14.49,-0.485,-10.4,0.0,0.0,48.0,-1.9,1.0,1.0,1.4,1.4,road,road,1,1,1018.5,0.18,80,0,586.12,-9.59,323.34
34.0,,riding,108.5,2.50,-14.48,-0.481,-13.2,0.0,0.0,48.0,-1.9,1.0,1.0,1.4,1.4,road,road,1,1,1021.6,0.18,81,0,585.60,-9.66,326.30
34.1,,riding,109.4,2.60,-3.65,-0.120,-14.7,0.0,0.0,42.3,-1.4,1.0,0.0,0.0,1.4,road,road,1,1,1024.6,0.22,83,0,584.94,-9.73,329.26
34.2,,riding,110.4,2.77,-0.70,-0.023,-15.0,0.0,0.0,24.0,-0.6,1.0,0.0,0.0,1.4,road,road,1,1,1027.7,0.25,86,0,584.20,-9.80,332.23
34.3,,riding,111.3,2.64,-11.86,-0.384,-16.7,0.0,0.0,29.8,-0.9,1.0,1.0,1.3,1.3,road,road,1,1,1030.7,0.25,94,0,583.39,-9.88,335.21
34.4,,riding,112.2,2.44,-7.84,-0.251,-18.9,0.0,0.0,40.4,-1.4,1.0,0.0,0.0,1.3,road,road,1,1,1033.9,0.18,114,0,582.49,-9.95,338.19
34.5,,riding,113.1,2.45,-1.50,-0.048,-19.5,0.0,0.0,29.9,-0.8,1.0,0.0,0.0,1.3,road,road,1,1,1037.0,0.06,160,0,581.51,-10.03,341.17
34.6,,riding,114.0,2.44,-0.28,-0.009,-19.6,0.0,0.0,14.7,-0.3,1.0,0.0,0.0,1.3,road,road,1,1,1040.2,-0.10,277,0,580.47,-10.12,344.15
34.7,,riding,114.8,2.34,-0.05,-0.002,-19.6,0.0,0.0,6.5,-0.1,1.0,0.0,0.0,1.3,road,road,1,1,1043.3,-0.26,827,0,579.41,-10.20,347.16
34.8,,riding,115.6,2.20,-0.00,-0.000,-19.6,0.0,0.0,2.7,-0.0,1.0,0.0,0.0,1.2,road,road,1,1,1046.6,-0.37,2126,0,578.34,-10.27,350.18
34.9,,riding,117.1,4.27,0.00,0.000,-19.6,0.0,0.0,1.1,-0.0,1.0,0.0,0.0,1.2,road,road,1,1,1049.8,-0.42,1000,1,577.25,-10.31,353.23
35.0,,riding,119.4,6.19,0.00,0.000,-19.6,0.0,0.0,0.4,-0.0,1.0,0.0,0.0,1.2,road,road,1,1,1053.1,-0.48,1071,1,576.14,-10.34,356.34
35.1,,riding,121.5,5.82,0.00,0.000,-19.6,0.0,0.0,0.2,-0.0,1.0,0.0,0.0,1.1,road,road,1,1,1056.4,-0.53,1913,1,575.01,-10.35,359.51
35.2,,riding,123.4,5.48,0.00,0.000,-19.6,0.0,0.0,0.1,-0.0,1.0,0.0,0.0,1.1,road,road,1,1,1059.9,-0.58,9675,1,573.86,-10.35,362.73
35.3,,riding,125.3,5.16,0.00,0.000,-19.6,0.0,0.0,0.0,-0.0,1.0,0.0,0.0,1.1,road,road,1,1,1063.3,-0.64,19555,1,572.69,-10.35,366.00
35.4,,riding,127.1,4.92,-0.00,-0.000,-19.6,0.0,0.0,0.0,0.0,1.0,0.0,0.0,1.0,road,road,1,1,1066.8,-0.70,8223,1,571.51,-10.37,369.31
35.5,,riding,128.8,4.71,-6.16,-0.172,-19.9,0.0,0.0,0.0,-0.1,1.0,1.0,1.0,1.0,road,road,1,1,1070.4,-0.78,2513,1,570.31,-10.42,372.67
35.6,,riding,130.3,4.20,-9.43,-0.260,-21.6,0.0,0.0,26.6,-0.9,1.0,0.0,0.0,1.0,road,road,1,1,1074.0,-0.81,1805,1,569.06,-10.49,376.06
35.7,,riding,131.6,3.69,-1.80,-0.049,-22.2,0.0,0.0,25.4,-0.6,1.0,0.0,0.0,1.0,road,road,1,1,1077.7,-0.76,1660,1,567.74,-10.49,379.46
35.8,,riding,132.9,3.50,-0.35,-0.009,-22.3,0.0,0.0,13.4,-0.3,1.0,0.0,0.0,0.9,road,road,1,1,1081.3,-0.66,1976,1,566.36,-10.42,382.87
35.9,,riding,134.1,3.37,-0.07,-0.002,-22.4,0.0,0.0,6.2,-0.1,1.0,0.0,0.0,0.9,road,road,1,1,1085.1,-0.53,2921,1,564.96,-10.30,386.31
36.0,,riding,135.2,3.16,-0.02,-0.000,-22.4,0.0,0.0,2.6,-0.0,1.0,0.0,0.0,0.9,road,road,1,1,1088.8,-0.38,4489,1,563.53,-10.17,389.78
36.1,,riding,136.3,2.95,-0.01,-0.000,-22.4,0.0,0.0,1.1,-0.0,1.0,0.0,0.0,0.9,road,road,1,1,1092.6,-0.23,6834,1,562.09,-10.05,393.28
36.2,,riding,137.3,2.75,8.16,0.214,-21.9,0.0,0.0,-6.4,0.2,1.0,-1.0,-0.9,0.9,road,road,1,1,1096.4,-0.08,20974,1,560.65,-9.95,396.80
36.3,,riding,138.2,2.50,13.26,0.346,-20.1,0.0,0.0,-30.2,1.0,1.0,-1.0,-0.9,0.9,road,road,1,1,1100.2,0.04,61361,1,559.24,-9.86,400.36
36.4,,riding,139.0,2.20,6.07,0.157,-18.5,0.0,0.0,-39.5,1.2,1.0,0.0,0.0,0.9,road,road,1,1,1104.1,0.07,126247,1,557.91,-9.77,403.98
36.5,,riding,139.7,2.14,1.16,0.030,-18.1,0.0,0.0,-23.6,0.6,1.0,0.0,0.0,0.9,road,road,1,1,1107.9,0.01,21235,1,556.64,-9.67,407.65
36.6,,riding,140.5,2.08,0.22,0.006,-18.0,0.0,0.0,-11.3,0.2,1.0,0.0,0.0,0.8,road,road,1,1,1111.8,-0.09,15321,1,555.42,-9.56,411.35
36.7,,riding,141.2,1.95,0.05,0.001,-18.0,0.0,0.0,-4.9,0.1,1.0,0.0,0.0,0.8,road,road,1,1,1115.7,-0.22,11909,1,554.20,-9.43,415.07
36.8,,riding,141.8,1.81,0.02,0.000,-18.0,0.0,0.0,-2.1,0.0,1.0,0.0,0.0,0.8,road,road,1,1,1119.7,-0.36,9597,1,552.98,-9.29,418.82
36.9,,riding,133.7,-22.65,-19.17,-0.516,-20.5,0.0,0.0,11.6,-2.3,1.0,0.0,0.0,0.9,road,road,1,1,1123.5,-0.51,6301,1,551.80,-9.15,422.45
37.0,,riding,133.8,0.45,-11.66,-0.314,-23.1,0.0,0.0,33.2,-2.2,1.0,0.0,0.0,0.9,road,road,1,1,1127.3,-0.55,4905,1,550.54,-8.99,425.94
37.1,,riding,134.3,1.33,-4.37,-0.117,-24.4,0.0,0.0,37.9,-1.4,1.0,0.0,0.0,0.9,road,road,1,1,1131.0,-0.44,3883,1,549.13,-8.83,429.39
37.2,,riding,135.3,2.71,-0.86,-0.023,-24.7,0.0,0.0,23.2,-0.6,1.0,0.0,0.0,0.9,road,road,1,1,1134.7,-0.22,3183,1,547.63,-8.64,432.83
37.3,,riding,136.2,2.61,-0.19,-0.005,-24.7,0.0,0.0,11.0,-0.2,1.0,0.0,0.0,0.9,road,road,1,1,1138.5,0.04,2499,1,546.07,-8.44,436.26
37.4,,riding,137.1,2.42,3.42,0.090,-24.7,0.0,0.0,4.9,-0.1,1.0,-1.0,-0.9,0.9,road,road,1,1,1142.3,0.32,2512,1,544.48,-8.20,439.72
37.5,,riding,137.9,2.16,12.30,0.321,-23.2,0.0,0.0,-21.6,0.7,1.0,-1.0,-0.9,0.9,road,road,1,1,1146.1,0.58,2740,1,542.92,-7.95,443.20
37.6,,riding,138.6,1.96,2.31,0.060,-22.4,0.0,0.0,-27.5,0.7,1.0,0.0,0.0,0.9,road,road,1,1,1150.0,0.78,4430,1,541.39,-7.66,446.72
37.7,,riding,139.3,1.84,0.42,0.011,-22.2,0.0,0.0,-13.7,0.3,1.0,0.0,0.0,0.9,road,road,1,1,1153.8,0.93,7392,1,539.90,-7.37,450.28
37.8,,riding,139.9,1.72,0.06,0.001,-22.2,0.0,0.0,-7.0,0.1,1.0,0.0,0.0,0.9,road,road,1,1,1157.7,1.05,22665,1,538.43,-7.05,453.86
37.9,,riding,140.4,1.59,-0.01,-0.000,-22.2,0.0,0.0,-2.9,0.0,1.0,0.0,0.0,0.8,road,road,1,1,1161.6,1.16,21062,1,536.95,-6.73,457.45
38.0,,riding,141.0,1.46,-0.03,-0.001,-22.2,0.0,0.0,-1.1,0.0,1.0,0.0,0.0,0.8,road,road,1,1,1165.5,1.27,4328,1,535.48,-6.39,461.06
38.1,,riding,141.5,1.34,8.09,0.206,-21.8,0.0,0.0,-10.4,0.2,1.0,-1.0,-0.8,0.8,road,road,1,1,1169.5,1.37,3100,1,534.00,-6.05,464.69
38.2,,riding,141.9,1.19,7.05,0.179,-20.3,0.0,0.0,-29.4,0.9,1.0,0.0,0.0,0.8,road,road,1,1,1173.4,1.45,2418,1,532.56,-5.71,468.34
38.3,,riding,142.3,1.11,1.34,0.034,-19.9,0.0,0.0,-22.9,0.5,1.0,0.0,0.0,0.8,road,road,1,1,1177.3,1.48,1790,1,531.17,-5.36,472.02
38.4,,riding,142.7,1.10,0.26,0.007,-19.8,0.0,0.0,-12.7,0.2,1.0,0.0,0.0,0.8,road,road,1,1,1181.3,1.47,2079,1,529.81,-5.02,475.73
38.5,,riding,143.1,1.06,0.05,0.001,-19.8,0.0,0.0,-5.6,0.1,1.0,0.0,0.0,0.8,road,road,1,1,1185.3,1.45,3550,1,528.47,-4.68,479.46
38.6,,riding,143.4,1.01,0.01,0.000,-19.7,0.0,0.0,-2.4,0.0,1.0,0.0,0.0,0.8,road,road,1,1,1189.2,1.44,2437,1,527.12,-4.35,483.19
38.7,,riding,143.8,0.94,9.64,0.241,-19.1,0.0,0.0,-12.4,0.3,1.0,-1.0,-0.8,0.8,road,road,1,1,1193.2,1.43,1253,1,525.78,-4.02,486.94
38.8,,riding,144.0,0.79,5.40,0.135,-17.7,0.0,0.0,-32.1,0.8,1.0,0.0,0.0,0.8,road,road,1,1,1197.2,1.34,1026,1,524.49,-3.70,490.72
38.9,,riding,144.3,0.73,1.08,0.027,-17.4,0.0,0.0,-22.7,0.4,1.0,0.0,0.0,0.8,road,road,1,1,1201.3,1.16,1384,1,523.25,-3.37,494.51
39.0,,riding,144.6,0.72,0.27,0.007,-17.3,0.0,0.0,-10.1,0.2,1.0,0.0,0.0,0.8,road,road,1,1,1205.3,0.93,3023,1,522.04,-3.02,498.33
39.1,,riding,144.8,0.68,0.12,0.003,-17.3,0.0,0.0,-5.3,0.1,1.0,0.0,0.0,0.8,road,road,1,1,1209.3,0.68,5555,1,520.85,-2.66,502.15
39.2,,riding,145.0,0.64,0.09,0.002,-17.3,0.0,0.0,-2.3,0.0,1.0,0.0,0.0,0.8,road,road,1,1,1213.3,0.43,825,1,519.65,-2.30,505.99
39.3,,riding,145.3,0.60,0.08,0.002,-17.2,0.0,0.0,-1.3,0.0,1.0,0.0,0.0,0.8,road,road,1,1,1217.3,0.18,578,1,518.46,-1.94,509.83
39.4,,riding,145.5,0.57,0.06,0.002,-17.2,0.0,0.0,-0.8,0.0,1.0,0.0,0.0,0.8,road,road,1,1,1221.4,-0.03,444,1,517.27,-1.58,513.67
39.5,,riding,145.7,0.55,0.05,0.001,-17.2,0.0,0.0,-0.5,0.0,1.0,0.0,0.0,0.8,road,road,1,1,1225.4,-0.20,302,1,516.07,-1.23,517.52
39.6,,riding,145.8,0.54,3.51,0.087,-17.1,0.0,0.0,-0.4,0.0,1.0,-1.0,-0.8,0.8,road,road,1,1,1229.5,-0.33,259,1,514.88,-0.90,521.38
39.7,,riding,146.0,0.47,12.32,0.304,-15.7,0.0,0.0,-23.6,0.7,1.0,-1.0,-0.8,0.8,road,road,1,1,1233.5,-0.42,227,1,513.71,-0.57,525.25
39.8,,riding,146.1,0.35,13.99,0.345,-13.8,0.0,0.0,-38.1,1.2,1.0,-1.0,-0.8,0.8,road,road,1,1,1237.6,-0.50,195,1,512.62,-0.27,529.15
39.9,,riding,145.8,-0.86,10.80,0.267,-11.8,0.0,0.0,-44.0,1.4,1.0,0.0,0.0,0.8,road,road,1,1,1241.7,-0.61,192,0,511.64,0.02,533.08
40.0,,riding,144.8,-2.85,2.05,0.051,-11.2,0.0,0.0,-35.3,0.8,1.0,0.0,0.0,0.8,road,road,1,1,1245.7,-0.73,196,0,510.77,0.28,537.01
40.1,,riding,143.8,-2.68,10.00,0.250,-10.4,0.0,0.0,-28.8,0.7,1.0,-1.0,-0.8,0.8,road,road,1,1,1249.7,-0.83,228,0,509.98,0.51,540.93
40.2,,riding,142.9,-2.65,13.50,0.340,-8.5,0.0,0.0,-40.0,1.1,1.0,-1.0,-0.8,0.8,road,road,1,1,1253.7,-0.95,246,0,509.27,0.72,544.84
40.3,,riding,141.9,-2.62,14.16,0.359,-6.5,0.0,0.0,-44.8,1.4,1.0,-1.0,-0.8,0.8,road,road,1,1,1257.7,-1.12,261,0,508.67,0.92,548.74
40.4,,riding,141.1,-2.42,3.54,0.090,-5.3,0.0,0.0,-40.8,1.1,1.0,0.0,0.0,0.8,road,road,1,1,1261.6,-1.35,269,0,508.20,1.11,552.64
40.5,,riding,140.3,-2.08,0.69,0.018,-5.1,0.0,0.0,-22.8,0.5,1.0,0.0,0.0,0.8,road,road,1,1,1265.5,-1.61,266,0,507.80,1.30,556.52
40.6,,riding,139.7,-1.86,0.14,0.004,-5.0,0.0,0.0,-10.5,0.2,1.0,0.0,0.0,0.9,road,road,1,1,1269.4,-1.85,263,0,507.44,1.47,560.38
40.7,,riding,139.0,-1.72,0.03,0.001,-5.0,0.0,0.0,-4.5,0.1,1.0,0.0,0.0,0.9,road,road,1,1,1273.3,-2.04,256,0,507.10,1.62,564.23
40.8,,riding,138.5,-1.61,9.64,0.251,-4.3,0.0,0.0,-8.8,0.4,1.0,-1.0,-0.9,0.9,road,road,1,1,1277.2,-2.19,253,0,506.77,1.76,568.07
40.9,,riding,137.9,-1.59,13.45,0.351,-2.5,0.0,0.0,-31.9,1.1,1.0,-1.0,-0.9,0.9,road,road,1,1,1281.1,-2.33,250,0,506.50,1.89,571.89
41.0,,riding,137.3,-1.49,2.54,0.066,-1.6,0.0,0.0,-30.7,0.8,1.0,0.0,0.0,0.9,road,road,1,1,1284.9,-2.48,244,0,506.31,2.00,575.71
41.1,,riding,136.9,-1.29,0.48,0.013,-1.4,0.0,0.0,-18.0,0.3,1.0,0.0,0.0,0.9,road,road,1,1,1288.8,-2.65,242,0,506.18,2.09,579.51
41.2,,riding,136.5,-1.14,0.09,0.002,-1.4,0.0,0.0,-8.3,0.1,1.0,0.0,0.0,0.9,road,road,1,1,1292.6,-2.78,244,0,506.07,2.17,583.31
41.3,,riding,136.1,-1.04,6.14,0.162,-1.1,0.0,0.0,-6.2,0.1,1.0,-1.0,-0.9,0.9,road,road,1,1,1296.4,-2.85,248,0,505.98,2.23,587.09
41.4,,riding,135.7,-1.01,9.32,0.247,0.5,0.0,0.0,-29.0,0.9,1.0,0.0,0.0,0.9,road,road,1,1,1300.3,-2.91,266,0,505.92,2.27,590.87
41.5,,riding,135.4,-0.91,1.76,0.047,1.1,0.0,0.0,-26.7,0.6,1.0,0.0,0.0,0.9,road,road,1,1,1304.1,-2.97,276,0,505.93,2.30,594.63
41.6,,riding,135.1,-0.77,0.33,0.009,1.2,0.0,0.0,-14.2,0.3,1.0,0.0,0.0,0.9,road,road,1,1,1307.9,-3.02,281,0,505.98,2.31,598.39
41.7,,riding,134.9,-0.65,0.06,0.002,1.2,0.0,0.0,-6.4,0.1,1.0,0.0,0.0,0.9,road,road,1,1,1311.6,-3.05,282,0,506.05,2.30,602.14
41.8,,riding,134.7,-0.62,11.67,0.312,2.5,0.0,0.0,-20.7,0.6,1.0,-1.0,-0.9,0.9,road,road,1,1,1315.4,-3.05,269,0,506.15,2.26,605.88
41.9,,riding,134.4,-0.66,7.73,0.207,4.3,0.0,0.0,-36.6,1.2,1.0,0.0,0.0,0.9,road,road,1,1,1319.2,-3.08,258,0,506.32,2.21,609.62
42.0,,riding,134.2,-0.55,1.46,0.039,4.8,0.0,0.0,-27.2,0.6,1.0,0.0,0.0,0.9,road,road,1,1,1323.0,-3.12,249,0,506.57,2.15,613.34
42.1,,riding,134.1,-0.40,0.28,0.007,4.9,0.0,0.0,-13.5,0.3,1.0,0.0,0.0,0.9,road,road,1,1,1326.8,-3.15,230,0,506.86,2.08,617.06
42.2,,riding,134.0,-0.37,10.85,0.291,5.9,0.0,0.0,-21.9,0.6,1.0,-1.0,-0.9,0.9,road,road,1,1,1330.5,-3.17,221,0,507.18,1.99,620.77
42.3,,riding,133.8,-0.40,5.58,0.150,7.5,0.0,0.0,-35.9,1.0,1.0,0.0,0.0,0.9,road,road,1,1,1334.3,-3.18,212,0,507.58,1.90,624.46
42.4,,riding,133.7,-0.32,1.06,0.028,7.9,0.0,0.0,-24.7,0.5,1.0,0.0,0.0,0.9,road,road,1,1,1338.1,-3.18,204,0,508.03,1.80,628.15
42.5,,riding,133.6,-0.22,0.20,0.005,7.9,0.0,0.0,-11.8,0.2,1.0,0.0,0.0,0.9,road,road,1,1,1341.8,-3.17,188,0,508.52,1.69,631.83
42.6,,riding,133.5,-0.22,10.83,0.292,9.0,0.0,0.0,-19.5,0.5,1.0,-1.0,-0.9,0.9,road,road,1,1,1345.6,-3.11,177,0,509.05,1.58,635.51
42.7,,riding,133.4,-0.31,13.70,0.370,11.0,0.0,0.0,-36.3,1.2,1.0,-1.0,-0.9,0.9,road,road,1,1,1349.4,-3.03,167,0,509.64,1.46,639.17
42.8,,riding,133.3,-0.37,4.61,0.124,12.5,0.0,0.0,-38.8,1.2,1.0,0.0,0.0,0.9,road,road,1,1,1353.2,-2.97,157,0,510.33,1.34,642.81
42.9,,riding,133.2,-0.21,0.87,0.024,12.8,0.0,0.0,-25.0,0.5,1.0,0.0,0.0,0.9,road,road,1,1,1356.9,-2.91,143,0,511.09,1.22,646.43
43.0,,riding,133.2,-0.09,0.17,0.005,12.8,0.0,0.0,-11.7,0.2,1.0,0.0,0.0,0.9,road,road,1,1,1360.7,-2.79,142,0,511.89,1.09,650.04
43.1,,riding,133.2,-0.04,6.16,0.166,13.1,0.0,0.0,-5.1,0.2,1.0,-1.0,-0.9,0.9,road,road,1,1,1364.5,-2.58,146,0,512.71,0.95,653.65
43.2,,riding,133.1,-0.09,12.81,0.346,14.8,0.0,0.0,-28.6,0.9,1.0,-1.0,-0.9,0.9,road,road,1,1,1368.3,-2.30,155,0,513.57,0.80,657.24
43.3,,riding,133.1,-0.08,2.41,0.065,15.7,0.0,0.0,-30.0,0.7,1.0,0.0,0.0,0.9,road,road,1,1,1372.0,-2.00,191,0,514.50,0.64,660.82
43.4,,riding,133.1,0.01,0.44,0.012,15.8,0.0,0.0,-14.5,0.3,1.0,0.0,0.0,0.9,road,road,1,1,1375.7,-1.69,217,0,515.48,0.46,664.38
43.5,,riding,133.1,0.03,8.19,0.221,16.3,0.0,0.0,-16.6,0.3,1.0,-1.0,-0.9,0.9,road,road,1,1,1379.4,-1.34,250,0,516.48,0.28,667.94
43.6,,riding,133.1,-0.04,13.18,0.356,18.2,0.0,0.0,-32.6,1.0,1.0,-1.0,-0.9,0.9,road,road,1,1,1383.1,-0.98,296,0,517.54,0.10,671.48
43.7,,riding,133.1,-0.09,3.34,0.090,19.4,0.0,0.0,-36.1,0.9,1.0,0.0,0.0,0.9,road,road,1,1,1386.8,-0.67,456,0,518.68,-0.08,675.00
43.8,,riding,133.1,0.02,0.61,0.017,19.6,0.0,0.0,-20.9,0.4,1.0,0.0,0.0,0.9,road,road,1,1,1390.5,-0.39,621,0,519.87,-0.26,678.49
43.9,,riding,133.1,0.07,3.58,0.097,19.7,0.0,0.0,-9.5,0.2,1.0,-1.0,-0.9,0.9,road,road,1,1,1394.2,-0.12,973,0,521.10,-0.45,681.98
44.0,,riding,133.1,-0.00,12.32,0.333,21.3,0.0,0.0,-28.2,0.8,1.0,-1.0,-0.9,0.9,road,road,1,1,1397.9,0.12,2245,0,522.37,-0.63,685.45
44.1,,riding,133.1,-0.05,3.19,0.086,22.4,0.0,0.0,-32.8,0.8,1.0,0.0,0.0,0.9,road,road,1,1,1401.6,0.31,21421,0,523.70,-0.80,688.89
44.2,,riding,133.1,0.00,0.60,0.016,22.6,0.0,0.0,-18.7,0.4,1.0,0.0,0.0,0.9,road,road,1,1,1405.3,0.42,2534,0,525.08,-0.98,692.32
44.3,,riding,133.1,0.04,0.11,0.003,22.6,0.0,0.0,-7.7,0.1,1.0,0.0,0.0,0.9,road,road,1,1,1409.0,0.49,4420,0,526.49,-1.14,695.74
44.4,,riding,133.1,0.02,0.02,0.000,22.7,0.0,0.0,-3.7,0.0,1.0,0.0,0.0,0.9,road,road,1,1,1412.7,0.53,5199,0,527.91,-1.30,699.15
44.5,,riding,133.1,-0.01,8.13,0.220,23.1,0.0,0.0,-6.5,0.2,1.0,-1.0,-0.9,0.9,road,road,1,1,1416.4,0.56,1442,0,529.34,-1.45,702.56
44.6,,riding,133.1,-0.08,7.07,0.191,24.7,0.0,0.0,-29.4,0.9,1.0,0.0,0.0,0.9,road,road,1,1,1420.1,0.58,783,0,530.81,-1.60,705.95
44.7,,riding,133.1,-0.07,1.34,0.036,25.2,0.0,0.0,-23.3,0.5,1.0,0.0,0.0,0.9,road,road,1,1,1423.8,0.56,741,0,532.33,-1.74,709.32
44.8,,riding,133.1,-0.02,0.26,0.007,25.3,0.0,0.0,-11.9,0.2,1.0,0.0,0.0,0.9,road,road,1,1,1427.5,0.52,793,0,533.89,-1.88,712.67
44.9,,riding,133.1,-0.01,0.05,0.001,25.3,0.0,0.0,-5.3,0.1,1.0,0.0,0.0,0.9,road,road,1,1,1431.2,0.48,916,0,535.46,-2.03,716.01
45.0,,riding,133.1,-0.01,0.01,0.000,25.3,0.0,0.0,-2.3,0.0,1.0,0.0,0.0,0.9,road,road,1,1,1434.9,0.45,1231,0,537.04,-2.17,719.36
45.1,,riding,133.0,-0.01,0.00,0.000,25.3,0.0,0.0,-0.9,0.0,1.0,0.0,0.0,0.9,road,road,1,1,1438.6,0.42,1451,0,538.62,-2.31,722.70
45.2,,riding,133.0,-0.01,0.00,0.000,25.3,0.0,0.0,-0.4,0.0,1.0,0.0,0.0,0.9,road,road,1,1,1442.2,0.41,1755,0,540.20,-2.45,726.04
45.3,,riding,133.0,-0.02,0.00,0.000,25.3,0.0,0.0,-0.2,0.0,1.0,0.0,0.0,0.9,road,road,1,1,1445.9,0.40,2234,0,541.78,-2.59,729.38
45.4,,riding,133.0,-0.02,0.00,0.000,25.3,0.0,0.0,-0.1,0.0,1.0,0.0,0.0,0.9,road,road,1,1,1449.6,0.40,6315,0,543.36,-2.73,732.72
45.5,,riding,133.0,-0.02,0.00,0.000,25.3,0.0,0.0,-0.0,0.0,1.0,0.0,0.0,0.9,road,road,1,1,1453.3,0.40,33340,0,544.93,-2.86,736.06
45.6,,riding,133.0,-0.02,0.00,0.000,25.3,0.0,0.0,-0.0,0.0,1.0,0.0,0.0,0.9,road,road,1,1,1457.0,0.40,5167,0,546.51,-3.00,739.40
45.7,,riding,132.6,-1.24,-0.00,-0.000,25.3,0.0,0.0,-0.0,0.0,0.0,0.0,0.0,0.9,road,road,1,1,1460.7,0.40,3261,0,548.09,-3.13,742.73
45.8,,riding,131.3,-3.66,-0.00,-0.000,25.3,0.0,0.0,-0.0,0.0,0.0,0.0,0.0,1.0,road,road,1,1,1464.4,0.39,2961,0,549.65,-3.26,746.04
45.9,,riding,129.9,-3.65,-0.00,-0.000,25.3,0.0,0.0,-0.0,0.0,0.0,0.0,0.0,1.0,road,road,1,1,1468.0,0.37,19962,0,551.20,-3.39,749.31
46.0,,riding,128.6,-3.64,3.46,0.097,25.4,0.0,0.0,-0.0,0.0,0.0,-1.0,-1.0,1.0,road,road,1,1,1471.6,0.35,2641,0,552.73,-3.52,752.54
46.1,,riding,127.3,-3.71,12.17,0.344,27.0,0.0,0.0,-27.0,0.8,0.0,-1.0,-1.0,1.0,road,road,1,1,1475.2,0.31,1587,0,554.28,-3.64,755.74
46.2,,riding,125.9,-3.77,3.14,0.090,28.2,0.0,0.0,-31.9,0.9,0.0,0.0,0.0,1.0,road,road,1,1,1478.7,0.21,1633,0,555.86,-3.74,758.87
46.3,,riding,124.6,-3.79,10.13,0.293,29.1,0.0,0.0,-28.9,0.7,0.0,-1.0,-1.1,1.1,road,road,1,1,1482.2,0.08,2637,0,557.49,-3.83,761.93
46.4,,riding,123.2,-3.89,13.41,0.392,31.3,0.0,0.0,-39.9,1.3,0.0,-1.0,-1.1,1.1,road,road,1,1,1485.6,-0.12,25095,0,559.17,-3.91,764.93
46.5,,riding,121.8,-3.87,3.36,0.099,32.6,0.0,0.0,-38.2,1.1,0.0,0.0,0.0,1.1,road,road,1,1,1489.0,-0.40,5096,0,560.91,-3.98,767.84
46.6,,riding,120.4,-3.75,8.67,0.259,33.3,0.0,0.0,-26.2,0.7,0.0,-1.0,-1.1,1.1,road,road,1,1,1492.3,-0.79,669,0,562.69,-4.05,770.68
46.7,,riding,119.1,-3.78,7.08,0.214,35.1,0.0,0.0,-39.0,1.1,0.0,0.0,0.0,1.2,road,road,1,1,1495.6,-1.29,291,0,564.52,-4.14,773.45
46.8,,riding,117.7,-3.69,1.34,0.041,35.6,0.0,0.0,-27.9,0.7,0.0,0.0,0.0,1.2,road,road,1,1,1498.9,-1.83,185,0,566.38,-4.22,776.15
46.9,,riding,116.4,-3.72,11.77,0.364,37.2,0.0,0.0,-31.1,0.9,0.0,-1.0,-1.2,1.2,road,road,1,1,1502.2,-2.36,139,0,568.28,-4.30,778.78
47.0,,riding,115.0,-3.82,13.71,0.429,39.6,0.0,0.0,-41.1,1.4,0.0,-1.0,-1.3,1.3,road,road,1,1,1505.5,-2.85,118,0,570.22,-4.38,781.33
47.1,,riding,113.6,-3.87,6.04,0.191,41.6,0.0,0.0,-43.9,1.5,0.0,0.0,0.0,1.3,road,road,1,1,1508.7,-3.31,111,0,572.23,-4.46,783.78
47.2,,riding,112.3,-3.72,9.17,0.294,42.7,0.0,0.0,-32.7,0.9,0.0,-1.0,-1.3,1.3,road,road,1,1,1511.9,-3.77,108,0,574.29,-4.54,786.14
47.3,,riding,110.9,-3.74,13.22,0.429,44.9,0.0,0.0,-41.1,1.4,0.0,-1.0,-1.3,1.3,road,road,1,1,1515.0,-4.27,99,0,576.39,-4.63,788.41
47.4,,riding,109.6,-3.74,4.46,0.147,46.7,0.0,0.0,-41.6,1.3,0.0,0.0,0.0,1.4,road,road,1,1,1518.1,-4.79,86,0,578.53,-4.72,790.58
47.5,,riding,108.3,-3.53,0.85,0.028,47.1,0.0,0.0,-24.7,0.6,0.0,0.0,0.0,1.4,road,road,1,1,1521.3,-5.27,73,0,580.71,-4.80,792.67
47.6,,riding,107.1,-3.40,0.17,0.006,47.1,0.0,0.0,-11.5,0.2,0.0,0.0,0.0,1.4,road,road,1,1,1524.6,-5.66,62,0,582.88,-4.89,794.72
47.7,,riding,105.9,-3.44,11.55,0.393,48.8,0.0,0.0,-24.5,0.8,0.0,-1.0,-1.5,1.5,road,road,1,1,1527.9,-5.89,52,0,585.05,-4.99,796.71
47.8,,riding,104.6,-3.56,13.66,0.470,51.4,0.0,0.0,-38.4,1.4,0.0,-1.0,-1.5,1.5,road,road,1,1,1531.2,-5.97,52,0,587.26,-5.09,798.62
47.9,,riding,103.2,-3.73,14.05,0.490,54.2,0.0,0.0,-44.1,1.8,0.0,-1.0,-1.6,1.6,road,road,1,1,1534.5,-5.94,55,0,589.50,-5.20,800.42
48.0,,riding,98.8,-12.45,-3.34,-0.122,52.8,0.0,0.0,-21.5,-0.9,0.0,-1.0,-1.7,1.7,road,road,1,1,1537.7,-5.84,60,0,591.73,-5.30,802.07
48.1,,riding,97.6,-3.27,10.87,0.401,54.3,0.0,0.0,-27.3,0.2,0.0,-1.0,-1.7,1.7,road,road,1,1,1540.7,-5.63,68,0,593.93,-5.40,803.67
48.2,,riding,96.4,-3.37,13.51,0.505,57.1,0.0,0.0,-39.5,1.3,0.0,-1.0,-1.8,1.8,road,road,1,1,1543.6,-5.35,78,0,596.13,-5.50,805.21
48.3,,riding,95.1,-3.60,13.98,0.529,60.1,0.0,0.0,-44.0,1.8,0.0,-1.0,-1.8,1.8,road,road,1,1,1546.4,-5.08,86,0,598.35,-5.59,806.65
48.4,,riding,93.7,-3.71,14.06,0.540,63.2,0.0,0.0,-46.4,2.0,0.0,-1.0,-1.9,1.9,road,road,1,1,1549.2,-4.87,91,0,600.62,-5.69,807.95
48.5,,riding,92.4,-3.75,14.07,0.548,66.4,0.0,0.0,-47.3,2.0,0.0,-1.0,-1.9,1.9,road,road,1,1,1551.9,-4.73,90,0,602.91,-5.79,809.12
48.6,,riding,91.0,-3.74,14.07,0.556,69.6,0.0,0.0,-47.7,2.1,0.0,-1.0,-2.0,2.0,road,road,1,1,1554.5,-4.67,90,0,605.23,-5.89,810.14
48.7,,riding,89.7,-3.73,14.07,0.565,72.9,0.0,0.0,-47.9,2.1,0.0,-1.0,-2.1,2.1,road,road,1,1,1557.2,-4.68,85,0,607.57,-6.00,811.02
48.8,,riding,89.4,-0.91,14.32,0.577,76.2,0.0,0.0,-48.0,2.1,1.0,-1.0,-2.1,2.1,road,road,1,1,1559.9,-4.76,77,0,609.94,-6.11,811.75
48.9,,riding,91.1,4.79,4.84,0.191,78.6,0.0,0.0,-43.4,1.8,1.0,0.0,0.0,2.0,road,road,1,1,1562.6,-4.90,69,0,612.38,-6.24,812.37
49.0,,riding,92.9,4.96,0.96,0.037,79.0,0.0,0.0,-27.2,0.8,1.0,0.0,0.0,1.9,road,road,1,1,1565.4,-5.03,63,0,614.88,-6.36,812.92
49.1,,riding,94.6,4.86,8.41,0.320,79.8,0.0,0.0,-17.9,0.5,1.0,-1.0,-1.9,1.9,road,road,1,1,1568.3,-5.10,58,0,617.45,-6.49,813.43
49.2,,riding,96.3,4.56,13.42,0.502,82.4,0.0,0.0,-35.1,1.3,1.0,-1.0,-1.8,1.8,road,road,1,1,1571.2,-5.09,57,0,620.07,-6.62,813.88
49.3,,riding,97.8,4.19,14.36,0.529,85.5,0.0,0.0,-42.7,1.8,1.0,-1.0,-1.7,1.7,road,road,1,1,1574.2,-5.03,57,0,622.75,-6.75,814.22
49.4,,riding,99.2,3.91,8.37,0.304,88.2,0.0,0.0,-45.9,1.9,1.0,0.0,0.0,1.7,road,road,1,1,1577.2,-4.91,61,0,625.49,-6.89,814.45
49.5,,riding,100.6,4.03,1.62,0.058,89.0,0.0,0.0,-32.4,1.0,1.0,0.0,0.0,1.6,road,road,1,1,1580.2,-4.75,69,0,628.27,-7.01,814.58
49.6,,riding,102.1,4.04,0.31,0.011,89.1,0.0,0.0,-16.4,0.4,1.0,0.0,0.0,1.6,road,road,1,1,1583.2,-4.52,78,0,631.09,-7.13,814.65
49.7,,riding,103.5,3.84,10.92,0.380,90.4,0.0,0.0,-23.2,0.6,1.0,-1.0,-1.6,1.6,road,road,1,1,1586.2,-4.24,87,0,633.96,-7.25,814.69
49.8,,riding,104.7,3.54,13.82,0.475,93.0,0.0,0.0,-37.9,1.4,1.0,-1.0,-1.5,1.5,road,road,1,1,1589.1,-3.93,95,0,636.86,-7.38,814.65
49.9,,riding,105.9,3.30,6.21,0.211,95.3,0.0,0.0,-42.7,1.6,1.0,0.0,0.0,1.5,road,road,1,1,1592.1,-3.68,99,0,639.78,-7.51,814.50
50.0,,riding,107.2,3.40,1.19,0.040,95.8,0.0,0.0,-28.4,0.8,1.0,0.0,0.0,1.5,road,road,1,1,1595.2,-3.44,103,0,642.74,-7.65,814.26
50.1,,riding,108.4,3.37,8.38,0.278,96.5,0.0,0.0,-22.0,0.5,1.0,-1.0,-1.4,1.4,road,road,1,1,1598.3,-3.11,118,0,645.73,-7.81,813.97
50.2,,riding,109.5,3.14,13.30,0.437,98.8,0.0,0.0,-35.6,1.2,1.0,-1.0,-1.4,1.4,road,road,1,1,1601.4,-2.72,157,0,648.73,-7.99,813.61
50.3,,riding,110.6,2.98,3.39,0.110,100.2,0.0,0.0,-36.5,1.1,1.0,0.0,0.0,1.4,road,road,1,1,1604.5,-2.35,257,0,651.76,-8.16,813.16
50.4,,riding,111.6,2.98,0.62,0.020,100.5,0.0,0.0,-21.4,0.5,1.0,0.0,0.0,1.3,road,road,1,1,1607.5,-2.01,757,0,654.81,-8.34,812.64
50.5,,riding,112.7,2.89,6.23,0.199,100.8,0.0,0.0,-12.4,0.2,1.0,-1.0,-1.3,1.3,road,road,1,1,1610.6,-1.72,1075,0,657.88,-8.51,812.08
50.6,,riding,113.6,2.66,12.88,0.408,102.9,0.0,0.0,-31.5,1.0,1.0,-1.0,-1.3,1.3,road,road,1,1,1613.7,-1.52,470,0,660.96,-8.67,811.47
50.7,,riding,114.5,2.46,4.48,0.141,104.6,0.0,0.0,-37.7,1.2,1.0,0.0,0.0,1.3,road,road,1,1,1616.9,-1.46,456,0,664.06,-8.83,810.76
50.8,,riding,115.4,2.46,0.86,0.027,104.9,0.0,0.0,-22.8,0.6,1.0,0.0,0.0,1.3,road,road,1,1,1620.1,-1.50,611,0,667.16,-9.00,809.99
50.9,,riding,116.3,2.43,0.17,0.005,105.0,0.0,0.0,-9.6,0.2,1.0,0.0,0.0,1.2,road,road,1,1,1623.3,-1.58,1416,0,670.28,-9.16,809.18
51.0,,riding,117.1,2.33,0.04,0.001,105.0,0.0,0.0,-4.2,0.1,1.0,0.0,0.0,1.2,road,road,1,1,1626.6,-1.68,770,0,673.42,-9.33,808.34
51.1,,riding,117.9,2.22,0.02,0.001,105.0,0.0,0.0,-2.1,0.0,1.0,0.0,0.0,1.2,road,road,1,1,1629.8,-1.77,518,0,676.57,-9.50,807.50
51.2,,riding,118.7,2.11,0.01,0.000,105.0,0.0,0.0,-0.9,0.0,1.0,0.0,0.0,1.2,road,road,1,1,1633.1,-1.85,431,0,679.75,-9.66,806.65
51.3,,riding,119.4,2.00,0.01,0.000,105.0,0.0,0.0,-0.4,0.0,1.0,0.0,0.0,1.2,road,road,1,1,1636.5,-1.89,419,0,682.95,-9.82,805.80
51.4,,riding,120.1,1.89,0.01,0.000,105.0,0.0,0.0,-0.2,0.0,1.0,0.0,0.0,1.2,road,road,1,1,1639.8,-1.90,477,0,686.17,-9.98,804.93
51.5,,riding,120.7,1.77,-6.14,-0.183,104.7,0.0,0.0,-0.1,-0.1,1.0,1.0,1.1,1.1,road,road,1,1,1643.2,-1.87,688,0,689.40,-10.13,804.07
51.6,,riding,121.3,1.63,-4.72,-0.140,103.3,0.0,0.0,23.4,-0.7,1.0,0.0,0.0,1.1,road,road,1,1,1646.6,-1.79,1628,0,692.66,-10.27,803.24
51.7,,riding,121.9,1.56,-0.91,-0.027,103.0,0.0,0.0,17.7,-0.4,1.0,0.0,0.0,1.1,road,road,1,1,1649.9,-1.66,5381,0,695.95,-10.40,802.44
51.8,,riding,120.9,-2.65,-0.18,-0.005,102.9,0.0,0.0,8.9,-0.2,0.0,0.0,0.0,1.1,road,road,1,1,1653.3,-1.52,1433,0,699.22,-10.54,801.67
51.9,,riding,119.7,-3.46,-0.04,-0.001,102.9,0.0,0.0,4.0,-0.1,0.0,0.0,0.0,1.2,road,road,1,1,1656.6,-1.38,81747,0,702.47,-10.67,800.92
52.0,,riding,118.4,-3.44,6.05,0.184,103.2,0.0,0.0,-1.0,0.1,0.0,-1.0,-1.2,1.2,road,road,1,1,1659.9,-1.28,849,0,705.68,-10.80,800.18
52.1,,riding,117.2,-3.51,12.64,0.388,105.1,0.0,0.0,-29.6,0.9,0.0,-1.0,-1.2,1.2,road,road,1,1,1663.2,-1.22,416,0,708.85,-10.93,799.41
52.2,,riding,115.9,-3.70,13.87,0.431,107.5,0.0,0.0,-39.4,1.5,0.0,-1.0,-1.2,1.2,road,road,1,1,1666.4,-1.21,282,0,711.97,-11.06,798.56
52.3,,riding,114.5,-3.88,14.10,0.443,110.1,0.0,0.0,-44.5,1.7,0.0,-1.0,-1.3,1.3,road,road,1,1,1669.7,-1.26,223,0,715.01,-11.18,797.61
52.4,,riding,113.0,-4.00,10.69,0.340,112.6,0.0,0.0,-46.8,1.8,0.0,0.0,0.0,1.3,road,road,1,1,1672.9,-1.37,199,0,717.97,-11.28,796.54
52.5,,riding,111.7,-3.75,2.00,0.065,113.4,0.0,0.0,-33.3,1.0,0.0,0.0,0.0,1.3,road,road,1,1,1676.0,-1.54,175,0,720.86,-11.36,795.38
52.6,,riding,110.3,-3.70,11.03,0.360,114.8,0.0,0.0,-32.2,0.9,0.0,-1.0,-1.4,1.4,road,road,1,1,1679.1,-1.78,145,0,723.69,-11.42,794.17
52.7,,riding,109.0,-3.81,13.56,0.448,117.3,0.0,0.0,-41.5,1.4,0.0,-1.0,-1.4,1.4,road,road,1,1,1682.2,-2.05,121,0,726.44,-11.46,792.89
52.8,,riding,107.5,-3.99,14.02,0.469,120.0,0.0,0.0,-45.4,1.7,0.0,-1.0,-1.4,1.4,road,road,1,1,1685.3,-2.36,103,0,729.11,-11.50,791.52
52.9,,riding,106.1,-3.90,3.47,0.118,121.5,0.0,0.0,-38.7,1.4,0.0,0.0,0.0,1.5,road,road,1,1,1688.3,-2.68,91,0,731.69,-11.53,790.07
53.0,,riding,104.8,-3.68,4.10,0.141,121.9,0.0,0.0,-23.0,0.6,0.0,-1.0,-1.5,1.5,road,road,1,1,1691.4,-2.95,84,0,734.19,-11.55,788.57
53.1,,riding,103.4,-3.79,12.26,0.427,123.9,0.0,0.0,-34.1,1.0,0.0,-1.0,-1.5,1.5,road,road,1,1,1694.4,-3.15,81,0,736.64,-11.57,787.03
53.2,,riding,102.0,-3.94,10.32,0.364,126.5,0.0,0.0,-43.1,1.6,0.0,0.0,0.0,1.6,road,road,1,1,1697.3,-3.35,77,0,738.99,-11.57,785.44
53.3,,riding,100.6,-3.80,1.92,0.069,127.4,0.0,0.0,-30.4,1.0,0.0,0.0,0.0,1.6,road,road,1,1,1700.3,-3.55,72,0,741.27,-11.56,783.79
53.4,,riding,99.3,-3.78,9.87,0.358,128.5,0.0,0.0,-27.8,0.7,0.0,-1.0,-1.7,1.7,road,road,1,1,1703.2,-3.71,66,0,743.48,-11.54,782.12
53.5,,riding,97.9,-3.90,13.34,0.490,131.2,0.0,0.0,-40.7,1.4,1.0,-1.0,-1.7,1.7,road,road,1,1,1706.1,-3.84,61,0,745.60,-11.52,780.41
53.6,,riding,99.1,3.45,8.14,0.296,133.8,0.0,0.0,-44.5,1.7,1.0,0.0,0.0,1.7,road,road,1,1,1709.1,-3.94,57,0,747.67,-11.49,778.60
53.7,,riding,100.4,3.52,1.55,0.056,134.5,0.0,0.0,-32.1,0.9,1.0,0.0,0.0,1.7,road,road,1,1,1712.1,-3.97,54,0,749.70,-11.45,776.70
53.8,,riding,101.6,3.38,11.16,0.395,136.0,0.0,0.0,-29.8,0.9,1.0,-1.0,-1.6,1.6,road,road,1,1,1715.2,-3.89,54,0,751.71,-11.40,774.73
53.9,,riding,102.7,3.11,13.86,0.486,138.7,0.0,0.0,-40.6,1.5,1.0,-1.0,-1.6,1.6,road,road,1,1,1718.2,-3.73,55,0,753.68,-11.35,772.67
54.0,,riding,103.7,2.78,14.36,0.498,141.6,0.0,0.0,-45.0,1.8,1.0,-1.0,-1.6,1.6,road,road,1,1,1721.3,-3.52,56,0,755.58,-11.29,770.51
54.1,,riding,104.6,2.53,14.44,0.497,144.5,0.0,0.0,-46.8,1.9,1.0,-1.0,-1.5,1.5,road,road,1,1,1724.3,-3.29,57,0,757.39,-11.23,768.24
54.2,,riding,105.5,2.33,14.45,0.493,147.4,0.0,0.0,-47.5,1.9,1.0,-1.0,-1.5,1.5,road,road,1,1,1727.4,-3.05,59,0,759.09,-11.15,765.87
54.3,,riding,106.3,2.17,14.44,0.489,150.2,0.0,0.0,-47.8,1.9,1.0,-1.0,-1.5,1.5,road,road,1,1,1730.5,-2.81,60,0,760.69,-11.05,763.39
54.4,,riding,107.0,2.03,14.42,0.485,153.1,0.0,0.0,-47.9,1.9,1.0,-1.0,-1.5,1.5,road,road,1,1,1733.6,-2.56,61,0,762.18,-10.93,760.82
54.5,,riding,107.7,1.91,14.41,0.482,155.9,0.0,0.0,-48.0,1.9,1.0,-1.0,-1.4,1.4,road,road,1,1,1736.7,-2.30,63,0,763.54,-10.80,758.17
54.6,,riding,108.3,1.81,14.40,0.479,158.7,0.0,0.0,-48.0,1.9,1.0,-1.0,-1.4,1.4,road,road,1,1,1739.7,-2.03,65,0,764.78,-10.65,755.44
54.7,,riding,108.9,1.70,14.40,0.476,161.5,0.0,0.0,-48.0,1.9,1.0,-1.0,-1.4,1.4,road,road,1,1,1742.8,-1.78,67,0,765.89,-10.49,752.63
54.8,,riding,109.5,1.59,14.39,0.473,164.3,0.0,0.0,-48.0,1.9,1.0,-1.0,-1.4,1.4,road,road,1,1,1745.9,-1.54,68,0,766.87,-10.32,749.75
54.9,,riding,110.1,1.51,14.38,0.470,167.0,0.0,0.0,-48.0,1.9,1.0,-1.0,-1.4,1.4,road,road,1,1,1749.0,-1.31,70,0,767.72,-10.15,746.82
55.0,,riding,108.8,-3.36,6.56,0.217,169.8,0.0,0.0,-32.8,0.6,1.0,-1.0,-1.4,1.4,road,road,1,1,1752.1,-1.15,71,0,768.35,-9.98,743.86
55.1,,riding,109.3,1.34,11.09,0.365,171.7,0.0,0.0,-39.1,0.8,1.0,-1.0,-1.4,1.4,road,road,1,1,1755.2,-0.98,73,0,768.87,-9.80,740.88
55.2,,riding,109.7,1.10,7.39,0.243,173.7,0.0,0.0,-43.7,1.0,1.0,0.0,0.0,1.4,road,road,1,1,1758.3,-0.78,76,0,769.29,-9.61,737.86
55.3,,riding,110.1,1.12,2.35,0.077,174.4,0.0,0.0,-31.9,0.5,1.0,0.0,0.0,1.4,road,road,1,1,1761.4,-0.53,77,0,769.64,-9.42,734.83
55.4,,riding,110.5,1.09,1.24,0.040,174.7,0.0,0.0,-19.0,0.1,1.0,0.0,0.0,1.4,road,road,1,1,1764.4,-0.23,79,0,769.95,-9.22,731.78
55.5,,riding,110.9,0.99,5.74,0.186,175.2,0.0,0.0,-15.6,-0.0,1.0,-1.0,-1.4,1.4,road,road,1,1,1767.5,0.13,82,0,770.22,-9.01,728.72
55.6,,riding,111.2,0.98,8.73,0.282,176.7,0.0,0.0,-27.6,0.4,1.0,-1.0,-1.3,1.3,road,road,1,1,1770.5,0.57,89,0,770.45,-8.78,725.65
55.7,,riding,111.5,0.88,9.19,0.297,178.4,0.0,0.0,-36.4,0.6,1.0,-1.0,-1.3,1.3,road,road,1,1,1773.6,1.09,106,0,770.60,-8.55,722.57
55.8,,riding,111.8,0.80,9.17,0.295,-179.9,0.0,0.0,-40.4,0.7,1.0,-1.0,-1.3,1.3,road,road,1,1,1776.6,1.65,137,0,770.67,-8.30,719.47
55.9,,riding,112.1,0.79,2.39,0.077,-179.0,0.0,0.0,-32.7,0.5,1.0,0.0,0.0,1.3,road,road,1,1,1779.6,2.23,196,0,770.66,-8.04,716.37
56.0,,riding,112.7,1.68,1.56,0.050,-178.6,0.0,0.0,-18.4,0.1,1.0,0.0,0.0,1.3,road,road,1,1,1782.6,2.81,320,0,770.61,-7.78,713.25
56.1,,riding,113.2,1.47,1.21,0.038,-178.4,0.0,0.0,-12.7,-0.1,1.0,0.0,0.0,1.3,road,road,1,1,1785.8,3.35,524,0,770.53,-7.52,710.12
56.2,,riding,113.5,0.82,6.59,0.209,-177.5,0.0,0.0,-16.0,0.0,1.0,-1.0,-1.3,1.3,road,road,1,1,1788.9,3.86,829,0,770.41,-7.25,706.97
56.3,,riding,113.8,0.81,8.98,0.284,-176.0,0.0,0.0,-29.5,0.4,1.0,-1.0,-1.3,1.3,road,road,1,1,1791.9,4.34,2675,0,770.24,-7.00,703.83
56.4,,riding,114.2,1.01,9.79,0.309,-174.3,0.0,0.0,-38.0,0.7,1.0,-1.0,-1.3,1.3,road,road,1,1,1795.0,4.79,1429,0,770.00,-6.75,700.67
56.5,,riding,114.5,0.98,10.06,0.316,-172.4,0.0,0.0,-42.3,0.8,1.0,-1.0,-1.3,1.3,road,road,1,1,1798.2,5.16,505,0,769.66,-6.50,697.52
56.6,,riding,114.9,0.92,10.02,0.314,-170.6,0.0,0.0,-44.3,0.9,1.0,-1.0,-1.3,1.3,road,road,1,1,1801.4,5.42,318,0,769.23,-6.24,694.37
56.7,,riding,115.4,1.54,4.33,0.135,-169.3,0.0,0.0,-39.7,0.8,1.0,0.0,0.0,1.3,road,road,1,1,1804.7,5.55,262,0,768.71,-5.97,691.22
56.8,,riding,115.9,1.32,2.06,0.064,-168.8,0.0,0.0,-26.5,0.3,1.0,0.0,0.0,1.2,road,road,1,1,1808.1,5.56,273,0,768.13,-5.69,688.07
56.9,,riding,116.3,0.97,1.34,0.041,-168.6,0.0,0.0,-16.6,0.1,1.0,0.0,0.0,1.2,road,road,1,1,1811.5,5.44,378,0,767.50,-5.38,684.91
57.0,,riding,116.6,0.88,0.96,0.030,-168.4,0.0,0.0,-10.7,-0.0,1.0,0.0,0.0,1.2,road,road,1,1,1814.7,5.24,1008,0,766.86,-5.04,681.76
57.1,,riding,116.9,0.91,4.04,0.124,-168.1,0.0,0.0,-7.4,-0.1,1.0,-1.0,-1.2,1.2,road,road,1,1,1817.8,5.05,2059,0,766.20,-4.71,678.60
57.2,,riding,117.1,0.50,8.45,0.260,-166.9,0.0,0.0,-21.3,0.3,1.0,-1.0,-1.2,1.2,road,road,1,1,1821.0,4.87,680,0,765.50,-4.42,675.43
57.3,,riding,117.3,0.74,12.57,0.386,-165.0,0.0,0.0,-35.6,1.0,1.0,-1.0,-1.2,1.2,road,road,1,1,1824.2,4.66,514,0,764.74,-4.18,672.27
57.4,,riding,117.7,0.88,2.44,0.075,-164.0,0.0,0.0,-33.3,0.8,1.0,0.0,0.0,1.2,road,road,1,1,1827.5,4.41,700,0,763.91,-3.95,669.12
57.5,,riding,118.0,0.89,0.52,0.016,-163.8,0.0,0.0,-17.8,0.4,1.0,0.0,0.0,1.2,road,road,1,1,1830.7,4.12,1043,0,763.03,-3.73,665.97
57.6,,riding,118.3,0.87,0.16,0.005,-163.8,0.0,0.0,-8.3,0.1,1.0,0.0,0.0,1.2,road,road,1,1,1834.0,3.80,1620,0,762.13,-3.50,662.82
57.7,,riding,118.6,0.84,0.10,0.003,-163.8,0.0,0.0,-3.4,0.0,1.0,0.0,0.0,1.2,road,road,1,1,1837.3,3.49,2625,0,761.22,-3.25,659.66
57.8,,riding,119.1,1.44,-1.97,-0.060,-163.5,0.0,0.0,-7.9,-0.1,1.0,0.0,0.0,1.2,road,road,1,1,1840.5,3.16,4575,0,760.28,-2.99,656.50
57.9,,riding,119.4,0.85,-0.31,-0.009,-163.7,0.0,0.0,0.2,-0.1,1.0,0.0,0.0,1.2,road,road,1,1,1843.8,2.82,9386,0,759.34,-2.73,653.32
58.0,,riding,119.7,0.70,-0.01,-0.000,-163.7,0.0,0.0,0.6,-0.1,1.0,0.0,0.0,1.2,road,road,1,1,1847.1,2.49,45875,0,758.41,-2.48,650.14
58.1,,riding,119.9,0.70,0.06,0.002,-163.7,0.0,0.0,0.2,-0.0,1.0,0.0,0.0,1.2,road,road,1,1,1850.5,2.16,20751,0,757.47,-2.23,646.96
58.2,,riding,120.2,0.68,0.07,0.002,-163.7,0.0,0.0,-0.2,-0.0,1.0,0.0,0.0,1.2,road,road,1,1,1853.8,1.83,9059,0,756.53,-1.99,643.76
58.3,,riding,120.4,0.66,0.07,0.002,-163.6,0.0,0.0,-0.3,-0.0,1.0,0.0,0.0,1.1,road,road,1,1,1857.1,1.50,5908,0,755.59,-1.75,640.56
58.4,,riding,120.6,0.65,0.07,0.002,-163.6,0.0,0.0,-0.4,0.0,1.0,0.0,0.0,1.1,road,road,1,1,1860.4,1.16,3445,0,754.65,-1.52,637.35
58.5,,riding,120.9,0.61,-9.57,-0.285,-164.4,0.0,0.0,7.7,-0.3,1.0,1.0,1.1,1.1,road,road,1,1,1863.8,0.83,2789,0,753.72,-1.30,634.13
58.6,,riding,121.1,0.54,-5.31,-0.158,-166.0,0.0,0.0,29.1,-0.9,1.0,0.0,0.0,1.1,road,road,1,1,1867.1,0.53,2424,0,752.83,-1.08,630.89
58.7,,riding,121.3,0.56,-0.98,-0.029,-166.4,0.0,0.0,20.5,-0.5,1.0,0.0,0.0,1.1,road,road,1,1,1870.5,0.29,2609,0,751.99,-0.87,627.64
58.8,,riding,121.5,0.62,-0.16,-0.005,-166.5,0.0,0.0,10.0,-0.2,1.0,0.0,0.0,1.1,road,road,1,1,1873.9,0.08,3633,0,751.19,-0.67,624.36
58.9,,riding,121.7,0.64,-0.01,-0.000,-166.5,0.0,0.0,3.8,-0.1,1.0,0.0,0.0,1.1,road,road,1,1,1877.2,-0.12,10386,0,750.39,-0.48,621.08
59.0,,riding,122.0,0.66,0.02,0.000,-166.5,0.0,0.0,1.7,-0.0,1.0,0.0,0.0,1.1,road,road,1,1,1880.6,-0.32,6753,0,749.60,-0.31,617.79
59.1,,riding,122.2,0.67,0.02,0.000,-166.5,0.0,0.0,0.6,-0.0,1.0,0.0,0.0,1.1,road,road,1,1,1884.0,-0.52,2459,0,748.81,-0.16,614.50
59.2,,riding,122.4,0.68,-3.48,-0.102,-166.6,0.0,0.0,0.2,-0.0,1.0,1.0,1.1,1.1,road,road,1,1,1887.4,-0.71,1885,0,748.02,-0.02,611.19
59.3,,riding,122.7,0.60,-8.84,-0.259,-168.2,0.0,0.0,26.8,-0.8,1.0,0.0,0.0,1.1,road,road,1,1,1890.8,-0.86,2447,0,747.25,0.11,607.87
59.4,,riding,122.9,0.62,-1.67,-0.049,-168.8,0.0,0.0,22.7,-0.6,1.0,0.0,0.0,1.1,road,road,1,1,1894.2,-0.95,5686,0,746.53,0.23,604.54
59.5,,riding,123.1,0.65,-0.32,-0.009,-168.9,0.0,0.0,11.7,-0.3,1.0,0.0,0.0,1.1,road,road,1,1,1897.6,-1.00,7244,0,745.85,0.34,601.18
59.6,,riding,123.4,0.67,-0.06,-0.002,-169.0,0.0,0.0,5.9,-0.1,1.0,0.0,0.0,1.1,road,road,1,1,1901.0,-1.03,2187,0,745.19,0.44,597.82
59.7,,riding,123.6,0.60,-11.69,-0.341,-170.4,0.0,0.0,22.2,-0.7,1.0,1.0,1.1,1.1,road,road,1,1,1904.5,-1.05,1280,0,744.55,0.54,594.45
59.8,,riding,123.7,0.45,-10.40,-0.303,-172.5,0.0,0.0,37.5,-1.3,1.0,0.0,0.0,1.1,road,road,1,1,1907.9,-1.00,897,0,743.99,0.62,591.06
59.9,,riding,123.9,0.51,-1.97,-0.057,-173.3,0.0,0.0,31.6,-0.8,1.0,0.0,0.0,1.1,road,road,1,1,1911.3,-0.88,682,0,743.51,0.70,587.65
60.0,,riding,124.1,0.52,-11.18,-0.324,-174.5,0.0,0.0,29.2,-0.8,1.0,1.0,1.1,1.1,road,road,1,1,1914.8,-0.71,446,0,743.09,0.77,584.23
60.1,,riding,124.3,0.41,-10.30,-0.298,-176.6,0.0,0.0,40.4,-1.3,1.0,0.0,0.0,1.1,road,road,1,1,1918.2,-0.48,373,0,742.77,0.84,580.79
60.2,,riding,124.4,0.50,-1.95,-0.056,-177.3,0.0,0.0,32.7,-0.8,1.0,0.0,0.0,1.1,road,road,1,1,1921.6,-0.19,317,0,742.53,0.89,577.34
60.3,,riding,124.6,0.60,-0.37,-0.011,-177.5,0.0,0.0,16.7,-0.3,1.0,0.0,0.0,1.1,road,road,1,1,1925.1,0.13,283,0,742.34,0.95,573.89
60.4,,riding,124.9,0.63,-0.07,-0.002,-177.5,0.0,0.0,7.4,-0.1,1.0,0.0,0.0,1.1,road,road,1,1,1928.5,0.43,266,0,742.18,0.99,570.42
60.5,,riding,125.1,0.62,-0.01,-0.000,-177.5,0.0,0.0,2.8,-0.0,1.0,0.0,0.0,1.1,road,road,1,1,1932.0,0.68,262,0,742.03,1.03,566.95
60.6,,riding,125.8,2.09,-6.47,-0.185,-177.7,0.0,0.0,13.5,-1.0,1.0,0.0,0.0,1.1,road,road,1,1,1935.5,0.84,292,0,741.82,1.07,563.46
60.7,,riding,126.0,0.37,-1.78,-0.051,-178.2,0.0,0.0,18.3,-0.6,1.0,0.0,0.0,1.0,road,road,1,1,1939.0,0.98,309,0,741.65,1.09,559.96
60.8,,riding,126.1,0.20,-9.59,-0.274,-179.6,0.0,0.0,28.7,-0.9,1.0,1.0,1.0,1.0,road,road,1,1,1942.5,1.14,311,0,741.54,1.11,556.46
60.9,,riding,126.3,0.64,-9.56,-0.273,178.8,0.0,0.0,38.0,-1.2,1.0,1.0,1.0,1.0,road,road,1,1,1946.0,1.35,296,0,741.51,1.10,552.95
61.0,,riding,126.4,0.46,-9.71,-0.277,177.2,0.0,0.0,41.8,-1.3,1.0,1.0,1.0,1.0,road,road,1,1,1949.5,1.59,268,0,741.56,1.08,549.44
61.1,,riding,126.6,0.38,-9.76,-0.278,175.6,0.0,0.0,43.6,-1.4,1.0,1.0,1.0,1.0,road,road,1,1,1953.1,1.89,235,0,741.70,1.05,545.93
61.2,,riding,126.7,0.39,-9.54,-0.271,174.0,0.0,0.0,44.2,-1.4,1.0,1.0,1.0,1.0,road,road,1,1,1956.6,2.23,186,0,741.95,1.00,542.42
61.3,,riding,126.9,0.40,-6.81,-0.193,172.5,0.0,0.0,43.9,-1.4,1.0,0.0,0.0,1.0,road,road,1,1,1960.1,2.61,169,0,742.29,0.94,538.91
61.4,,riding,126.8,-0.10,-1.94,-0.055,172.1,0.0,0.0,27.5,-0.8,1.0,0.0,0.0,1.0,road,road,1,1,1963.7,2.99,156,0,742.70,0.87,535.41
61.5,,riding,126.9,0.30,0.10,0.003,172.0,0.0,0.0,15.0,-0.4,1.0,0.0,0.0,1.0,road,road,1,1,1967.3,3.33,146,0,743.16,0.80,531.91
61.6,,riding,127.1,0.50,0.65,0.018,172.1,0.0,0.0,4.7,-0.2,1.0,0.0,0.0,1.0,road,road,1,1,1970.9,3.60,139,0,743.63,0.73,528.41
61.7,,riding,127.4,0.72,-3.52,-0.100,172.0,0.0,0.0,1.4,-0.1,1.0,1.0,1.0,1.0,road,road,1,1,1974.6,3.79,136,0,744.11,0.65,524.91
61.8,,riding,127.8,1.27,-8.07,-0.227,170.9,0.0,0.0,19.3,-0.6,1.0,1.0,1.0,1.0,road,road,1,1,1978.2,3.90,138,0,744.62,0.58,521.39
61.9,,riding,128.1,0.71,-9.26,-0.260,169.4,0.0,0.0,32.7,-1.0,1.0,1.0,1.0,1.0,road,road,1,1,1981.9,3.95,143,0,745.18,0.52,517.88
62.0,,riding,128.2,0.40,-9.83,-0.276,167.9,0.0,0.0,39.5,-1.2,1.0,1.0,1.0,1.0,road,road,1,1,1985.6,3.98,148,0,745.81,0.46,514.37
62.1,,riding,128.3,0.28,-10.01,-0.281,166.2,0.0,0.0,43.0,-1.3,1.0,1.0,1.0,1.0,road,road,1,1,1989.2,4.03,152,0,746.54,0.40,510.88
62.2,,riding,128.4,0.17,-5.44,-0.153,164.8,0.0,0.0,43.3,-1.3,1.0,0.0,0.0,1.0,road,road,1,1,1992.8,4.09,156,0,747.36,0.33,507.41
62.3,,riding,128.4,-0.11,-2.04,-0.057,164.4,0.0,0.0,28.7,-0.8,1.0,0.0,0.0,1.0,road,road,1,1,1996.5,4.15,155,0,748.26,0.26,503.96
62.4,,riding,128.4,0.25,-0.39,-0.011,164.2,0.0,0.0,15.5,-0.4,1.0,0.0,0.0,1.0,road,road,1,1,2000.2,4.17,153,0,749.20,0.18,500.52
62.5,,riding,128.6,0.41,-0.15,-0.004,164.2,0.0,0.0,6.4,-0.1,1.0,0.0,0.0,1.0,road,road,1,1,2003.9,4.13,151,0,750.16,0.09,497.07
62.6,,riding,128.8,0.66,-8.57,-0.240,163.3,0.0,0.0,16.2,-0.5,1.0,1.0,1.0,1.0,road,road,1,1,2007.5,4.02,145,0,751.14,0.01,493.63
62.7,,riding,129.2,0.96,-9.97,-0.278,161.8,0.0,0.0,32.5,-1.0,1.0,1.0,1.0,1.0,road,road,1,1,2011.2,3.87,142,0,752.17,-0.07,490.20
62.8,,riding,129.3,0.41,-11.10,-0.309,160.0,0.0,0.0,41.2,-1.2,1.0,1.0,1.0,1.0,road,road,1,1,2014.9,3.71,135,0,753.29,-0.15,486.79
62.9,,riding,129.4,0.17,-11.67,-0.325,158.2,0.0,0.0,45.2,-1.4,1.0,1.0,1.0,1.0,road,road,1,1,2018.6,3.55,128,0,754.50,-0.22,483.40
63.0,,riding,129.4,0.07,-3.84,-0.107,156.9,0.0,0.0,39.8,-1.1,1.0,0.0,0.0,1.0,road,road,1,1,2022.3,3.39,113,0,755.82,-0.30,480.05
63.1,,riding,129.5,0.14,-1.27,-0.035,156.5,0.0,0.0,26.2,-0.6,1.0,0.0,0.0,1.0,road,road,1,1,2026.0,3.22,107,0,757.20,-0.37,476.73
63.2,,riding,129.6,0.27,-3.73,-0.104,156.3,0.0,0.0,13.0,-0.2,1.0,1.0,1.0,1.0,road,road,1,1,2029.7,2.96,106,0,758.62,-0.43,473.43
63.3,,riding,129.6,0.17,-12.37,-0.344,154.7,0.0,0.0,32.2,-0.8,1.0,1.0,1.0,1.0,road,road,1,1,2033.4,2.58,110,0,760.08,-0.49,470.13
63.4,,riding,129.6,0.02,-14.00,-0.389,152.5,0.0,0.0,40.5,-1.4,1.0,1.0,1.0,1.0,road,road,1,1,2037.1,2.16,117,0,761.63,-0.55,466.88
63.5,,riding,129.6,-0.14,-14.30,-0.397,150.2,0.0,0.0,45.0,-1.6,1.0,1.0,1.0,1.0,road,road,1,1,2040.7,1.75,151,0,763.28,-0.60,463.68
63.6,,riding,129.5,-0.07,-3.57,-0.099,148.9,0.0,0.0,38.9,-1.2,1.0,0.0,0.0,1.0,road,road,1,1,2044.3,1.38,180,0,765.04,-0.66,460.54
63.7,,riding,129.8,0.76,-11.62,-0.322,148.1,0.0,0.0,31.3,-1.3,1.0,1.0,1.0,1.0,road,road,1,1,2047.9,0.99,222,0,766.85,-0.71,457.42
63.8,,riding,129.8,-0.12,-12.14,-0.337,146.2,0.0,0.0,41.3,-1.4,1.0,1.0,1.0,1.0,road,road,1,1,2051.5,0.63,288,0,768.74,-0.76,454.35
63.9,,riding,129.7,-0.10,-3.85,-0.107,144.8,0.0,0.0,40.8,-1.2,1.0,0.0,0.0,1.0,road,road,1,1,2055.1,0.34,405,0,770.72,-0.81,451.34
64.0,,riding,129.7,-0.03,-1.68,-0.047,144.4,0.0,0.0,26.9,-0.6,1.0,0.0,0.0,1.0,road,road,1,1,2058.7,0.11,1467,0,772.77,-0.86,448.37
64.1,,riding,129.8,0.19,-0.32,-0.009,144.3,0.0,0.0,14.1,-0.3,1.0,0.0,0.0,1.0,road,road,1,1,2062.3,-0.08,5384,0,774.85,-0.92,445.42
64.2,,riding,129.9,0.21,-0.06,-0.002,144.3,0.0,0.0,6.3,-0.1,1.0,0.0,0.0,1.0,road,road,1,1,2065.9,-0.25,59688,0,776.95,-0.97,442.48
64.3,,riding,130.0,0.21,-0.01,-0.000,144.3,0.0,0.0,2.6,-0.0,1.0,0.0,0.0,1.0,road,road,1,1,2069.5,-0.40,4973,0,779.05,-1.03,439.55
64.4,,riding,130.0,0.20,-0.00,-0.000,144.3,0.0,0.0,1.1,-0.0,1.0,0.0,0.0,1.0,road,road,1,1,2073.1,-0.52,1323,0,781.16,-1.09,436.62
64.5,,riding,129.1,-2.49,-0.00,-0.000,144.3,0.0,0.0,0.4,-0.0,0.0,0.0,0.0,1.0,road,road,1,1,2076.7,-0.67,565,0,783.26,-1.14,433.69
64.6,,riding,127.7,-3.88,-11.52,-0.325,143.0,0.0,0.0,19.9,-0.6,0.0,1.0,1.0,1.0,road,road,1,1,2080.3,-0.83,502,0,785.36,-1.20,430.82
64.7,,riding,126.3,-4.00,-10.21,-0.291,140.9,0.0,0.0,38.1,-1.3,0.0,0.0,0.0,1.0,road,road,1,1,2083.8,-0.96,503,0,787.48,-1.25,428.01
64.8,,riding,124.9,-3.93,-1.91,-0.055,140.2,0.0,0.0,31.0,-0.8,0.0,0.0,0.0,1.1,road,road,1,1,2087.3,-1.03,579,0,789.66,-1.29,425.29
64.9,,riding,124.4,-1.45,-0.36,-0.010,140.0,0.0,0.0,15.9,-0.3,1.0,0.0,0.0,1.1,road,road,1,1,2090.7,-1.07,730,0,791.85,-1.34,422.62
65.0,,riding,124.7,0.94,-0.07,-0.002,140.0,0.0,0.0,7.1,-0.1,1.0,0.0,0.0,1.1,road,road,1,1,2094.2,-1.09,994,0,794.07,-1.38,419.96
65.1,,riding,125.0,0.91,-0.01,-0.000,140.0,0.0,0.0,3.0,-0.0,1.0,0.0,0.0,1.1,road,road,1,1,2097.7,-1.12,3378,0,796.30,-1.44,417.30
65.2,,riding,125.3,0.88,-0.00,-0.000,140.0,0.0,0.0,1.1,-0.0,1.0,0.0,0.0,1.1,road,road,1,1,2101.1,-1.14,28896,0,798.53,-1.50,414.63
65.3,,riding,125.6,0.86,-0.00,-0.000,140.0,0.0,0.0,0.5,-0.0,1.0,0.0,0.0,1.1,road,road,1,1,2104.6,-1.16,3167,0,800.77,-1.56,411.96
65.4,,riding,126.0,0.83,0.00,0.000,140.0,0.0,0.0,0.2,-0.0,1.0,0.0,0.0,1.0,road,road,1,1,2108.1,-1.18,1941,0,803.02,-1.64,409.28
65.5,,riding,126.2,0.82,0.00,0.000,140.0,0.0,0.0,0.1,-0.0,1.0,0.0,0.0,1.0,road,road,1,1,2111.6,-1.19,1603,0,805.28,-1.72,406.59
65.6,,riding,126.5,0.80,0.00,0.000,140.0,0.0,0.0,0.0,-0.0,1.0,0.0,0.0,1.0,road,road,1,1,2115.2,-1.19,1575,0,807.53,-1.81,403.90
65.7,,riding,126.8,0.79,-0.00,-0.000,140.0,0.0,0.0,0.0,-0.0,1.0,0.0,0.0,1.0,road,road,1,1,2118.7,-1.17,2478,0,809.80,-1.91,401.21
65.8,,riding,127.1,0.77,-0.00,-0.000,140.0,0.0,0.0,0.0,-0.0,1.0,0.0,0.0,1.0,road,road,1,1,2122.2,-1.16,3783,0,812.07,-2.02,398.50
65.9,,riding,127.4,0.75,-0.00,-0.000,140.0,0.0,0.0,0.0,-0.0,1.0,0.0,0.0,1.0,road,road,1,1,2125.7,-1.14,7012,0,814.34,-2.14,395.79
66.0,,riding,126.3,-2.89,-0.00,-0.000,140.0,0.0,0.0,0.0,-0.0,0.0,0.0,0.0,1.0,road,road,1,1,2129.3,-1.12,19796,0,816.60,-2.26,393.10
66.1,,riding,125.0,-3.60,-6.07,-0.175,139.7,0.0,0.0,2.7,-0.1,0.0,1.0,1.1,1.1,road,road,1,1,2132.8,-1.09,493002,0,818.84,-2.38,390.43
66.2,,riding,123.7,-3.65,-12.65,-0.368,137.9,0.0,0.0,24.8,-0.9,0.0,1.0,1.1,1.1,road,road,1,1,2136.2,-1.04,31322,0,821.09,-2.50,387.82
66.3,,riding,122.3,-3.80,-10.43,-0.307,135.7,0.0,0.0,39.8,-1.4,0.0,0.0,0.0,1.1,road,road,1,1,2139.6,-0.91,11117,0,823.37,-2.62,385.30
66.4,,riding,121.0,-3.68,-1.96,-0.058,134.9,0.0,0.0,32.1,-0.9,0.0,0.0,0.0,1.1,road,road,1,1,2143.0,-0.69,8184,0,825.70,-2.75,382.86
66.5,,riding,119.7,-3.54,-0.38,-0.011,134.8,0.0,0.0,16.4,-0.4,0.0,0.0,0.0,1.2,road,road,1,1,2146.3,-0.41,6259,0,828.04,-2.87,380.48
66.6,,riding,118.5,-3.47,-0.09,-0.003,134.8,0.0,0.0,7.4,-0.1,0.0,0.0,0.0,1.2,road,road,1,1,2149.6,-0.11,4847,0,830.38,-2.99,378.15
66.7,,riding,117.2,-3.52,-11.54,-0.355,133.3,0.0,0.0,22.8,-0.7,0.0,1.0,1.2,1.2,road,road,1,1,2152.9,0.22,3733,0,832.71,-3.12,375.87
66.8,,riding,115.9,-3.59,-5.65,-0.175,131.5,0.0,0.0,36.1,-1.2,0.0,0.0,0.0,1.2,road,road,1,1,2156.1,0.60,2806,0,835.06,-3.24,373.66
66.9,,riding,114.7,-3.50,-1.08,-0.034,131.0,0.0,0.0,25.1,-0.6,0.0,0.0,0.0,1.3,road,road,1,1,2159.3,1.04,2164,0,837.44,-3.37,371.52
67.0,,riding,113.4,-3.49,-10.88,-0.345,129.8,0.0,0.0,26.2,-0.7,0.0,1.0,1.3,1.3,road,road,1,1,2162.4,1.53,1885,0,839.82,-3.50,369.45
67.1,,riding,112.1,-3.56,-7.51,-0.241,127.7,0.0,0.0,38.7,-1.3,0.0,0.0,0.0,1.3,road,road,1,1,2165.5,2.08,1694,0,842.22,-3.62,367.46
67.2,,riding,110.9,-3.46,-1.44,-0.047,127.1,0.0,0.0,28.3,-0.8,1.0,0.0,0.0,1.3,road,road,1,1,2168.5,2.68,1253,0,844.65,-3.75,365.54
67.3,,riding,111.9,2.86,-0.31,-0.010,127.0,0.0,0.0,14.0,-0.3,1.0,0.0,0.0,1.3,road,road,1,1,2171.5,3.33,612,0,847.11,-3.88,363.66
67.4,,riding,112.9,2.79,-0.10,-0.003,126.9,0.0,0.0,5.6,-0.1,0.0,0.0,0.0,1.3,road,road,1,1,2174.6,4.00,314,0,849.60,-4.01,361.77
67.5,,riding,111.7,-3.27,-0.06,-0.002,126.9,0.0,0.0,2.8,-0.1,0.0,0.0,0.0,1.3,road,road,1,1,2177.6,4.68,197,0,852.09,-4.16,359.90
67.6,,riding,110.6,-3.18,-0.05,-0.002,126.9,0.0,0.0,1.3,-0.0,0.0,0.0,0.0,1.4,road,road,1,1,2180.7,5.33,137,0,854.54,-4.33,358.05
67.7,,riding,109.7,-2.50,0.06,0.002,126.9,0.0,0.0,0.6,-0.0,0.0,0.0,0.0,1.4,road,road,1,1,2184.0,5.88,104,0,856.98,-4.54,356.22
67.8,,riding,108.9,-2.31,-0.04,-0.001,126.9,0.0,0.0,0.2,-0.0,0.0,0.0,0.0,1.4,road,road,1,1,2187.4,6.24,85,0,859.39,-4.81,354.40
67.9,,riding,107.8,-3.02,-0.05,-0.002,126.9,0.0,0.0,0.3,-0.0,0.0,0.0,0.0,1.4,road,road,1,1,2190.5,6.48,78,0,861.78,-5.08,352.60
68.0,,riding,106.7,-3.10,-0.03,-0.001,126.9,0.0,0.0,0.3,-0.0,0.0,0.0,0.0,1.5,road,road,1,1,2193.7,6.64,72,0,864.15,-5.31,350.82
68.1,,riding,105.6,-3.01,-0.03,-0.001,126.9,0.0,0.0,0.2,-0.0,0.0,0.0,0.0,1.5,road,road,1,1,2196.9,6.69,66,0,866.50,-5.50,349.06
68.2,,riding,104.5,-3.04,-11.50,-0.396,125.2,0.0,0.0,19.1,-0.7,0.0,1.0,1.5,1.5,road,road,1,1,2200.1,6.64,60,0,868.84,-5.68,347.34
68.3,,riding,103.3,-3.17,-12.34,-0.430,122.7,0.0,0.0,37.9,-1.4,0.0,1.0,1.6,1.6,road,road,1,1,2203.3,6.50,55,0,871.20,-5.87,345.70
68.4,,riding,102.3,-2.79,-6.97,-0.245,120.9,0.0,0.0,39.8,-1.3,0.0,1.0,1.6,1.6,road,road,1,1,2207.0,6.24,52,0,873.58,-6.09,344.15
68.5,,riding,101.3,-2.91,-11.27,-0.400,119.0,0.0,0.0,40.5,-1.2,0.0,1.0,1.6,1.6,road,road,1,1,2210.1,5.89,52,0,875.99,-6.33,342.70
68.6,,riding,100.2,-3.13,-13.47,-0.484,116.3,0.0,0.0,45.0,-1.6,0.0,1.0,1.7,1.7,road,road,1,1,2213.2,5.48,52,0,878.43,-6.58,341.35
68.7,,riding,99.0,-3.23,-13.87,-0.504,113.4,0.0,0.0,46.9,-1.8,0.0,1.0,1.7,1.7,road,road,1,1,2216.2,5.03,53,0,880.89,-6.83,340.13
68.8,,riding,97.8,-3.30,-13.94,-0.513,110.4,0.0,0.0,47.5,-1.9,0.0,1.0,1.7,1.7,road,road,1,1,2219.2,4.57,54,0,883.38,-7.08,339.05
68.9,,riding,96.6,-3.37,-13.93,-0.519,107.4,0.0,0.0,47.8,-1.9,0.0,1.0,1.8,1.8,road,road,1,1,2222.0,4.11,56,0,885.89,-7.31,338.10
69.0,,riding,95.4,-3.42,-13.96,-0.527,104.4,0.0,0.0,47.9,-2.0,0.0,1.0,1.8,1.8,road,road,1,1,2224.9,3.65,58,0,888.41,-7.51,337.30
69.1,,riding,94.1,-3.45,-13.97,-0.534,101.3,0.0,0.0,48.0,-2.0,0.0,1.0,1.9,1.9,road,road,1,1,2227.5,3.21,60,0,890.95,-7.70,336.64
69.2,,riding,93.8,-0.82,-14.22,-0.545,98.1,0.0,0.0,48.0,-2.0,1.0,1.0,1.9,1.9,road,road,1,1,2230.2,2.79,61,0,893.49,-7.87,336.13
69.3,,riding,95.4,4.37,-14.44,-0.545,94.9,0.0,0.0,48.0,-2.0,1.0,1.0,1.8,1.8,road,road,1,1,2232.9,2.41,61,0,896.10,-8.03,335.75
69.4,,riding,96.9,4.19,-11.00,-0.409,91.9,0.0,0.0,48.0,-2.1,1.0,0.0,0.0,1.8,road,road,1,1,2235.7,2.07,60,0,898.77,-8.20,335.51
69.5,,riding,98.5,4.44,-2.12,-0.077,90.9,0.0,0.0,36.6,-1.2,1.0,0.0,0.0,1.7,road,road,1,1,2238.5,1.72,58,0,901.49,-8.38,335.38
69.6,,riding,100.1,4.27,-12.15,-0.437,88.9,0.0,0.0,37.7,-1.1,1.0,1.0,1.7,1.7,road,road,1,1,2241.3,1.34,56,0,904.25,-8.56,335.34
69.7,,riding,101.5,4.06,-14.00,-0.496,86.1,0.0,0.0,43.8,-1.6,1.0,1.0,1.6,1.6,road,road,1,1,2244.1,0.90,56,0,907.05,-8.76,335.40
69.8,,riding,102.9,3.76,-14.15,-0.495,83.3,0.0,0.0,46.3,-1.8,1.0,1.0,1.6,1.6,road,road,1,1,2246.9,0.43,55,0,909.89,-8.97,335.59
69.9,,riding,104.1,3.53,-14.26,-0.493,80.4,0.0,0.0,47.3,-1.9,1.0,1.0,1.5,1.5,road,road,1,1,2249.8,-0.07,55,0,912.75,-9.19,335.92
70.0,,riding,105.4,3.38,-14.27,-0.488,77.6,0.0,0.0,47.7,-1.9,1.0,1.0,1.5,1.5,road,road,1,1,2252.6,-0.58,56,0,915.62,-9.40,336.39
70.1,,riding,106.5,3.18,-14.36,-0.486,74.7,0.0,0.0,47.9,-1.9,1.0,1.0,1.5,1.5,road,road,1,1,2255.5,-1.10,58,0,918.50,-9.61,337.01
70.2,,riding,107.6,3.01,-14.38,-0.481,71.9,0.0,0.0,48.0,-1.9,1.0,1.0,1.4,1.4,road,road,1,1,2258.4,-1.62,60,0,921.37,-9.81,337.78
70.3,,riding,108.6,2.83,-14.39,-0.477,69.1,0.0,0.0,48.0,-1.9,1.0,1.0,1.4,1.4,road,road,1,1,2261.2,-2.15,63,0,924.23,-9.98,338.71
70.4,,riding,108.6,-0.14,1.88,0.062,67.6,0.0,0.0,38.6,0.3,1.0,1.0,1.4,1.4,road,road,1,1,2264.1,-2.67,66,0,927.05,-10.15,339.79
70.5,,riding,109.0,1.22,1.65,0.054,68.5,0.0,0.0,1.2,1.5,1.0,1.0,1.4,1.4,road,road,1,1,2267.0,-3.17,67,0,929.83,-10.30,340.97
70.6,,riding,109.8,2.24,2.19,0.072,68.4,0.0,0.0,1.3,1.0,1.0,0.0,0.0,1.4,road,road,1,1,2269.8,-3.80,67,0,932.64,-10.45,342.15
70.7,,riding,110.5,1.95,11.46,0.373,69.9,0.0,0.0,-22.8,1.7,1.0,0.0,0.0,1.4,road,road,1,1,2272.6,-4.56,67,0,935.48,-10.59,343.30
70.8,,riding,111.0,1.32,10.61,0.344,72.6,0.0,0.0,-36.2,2.5,1.0,0.0,0.0,1.4,road,road,1,1,2275.5,-5.50,69,0,938.35,-10.73,344.40
70.9,,riding,111.9,2.45,2.09,0.067,73.5,0.0,0.0,-31.5,1.3,1.0,0.0,0.0,1.3,road,road,1,1,2278.1,-6.69,76,0,941.29,-10.86,345.38
71.0,,riding,110.9,-2.60,-7.04,-0.229,72.4,0.0,0.0,5.5,-0.1,1.0,1.0,1.3,1.3,air,offroad,0,1,2280.4,-8.10,99,0,944.25,-11.02,346.32
71.1,,riding,109.7,-3.50,-0.01,-0.000,71.8,0.0,0.0,13.4,-0.5,1.0,1.0,1.4,1.4,air,offroad,0,1,2282.7,-9.60,99,0,947.15,-11.27,347.24
71.2,,riding,109.2,-1.22,2.46,0.081,72.2,0.0,0.0,-1.4,0.0,1.0,1.0,1.4,1.4,air,offroad,0,1,2285.1,-11.15,158,0,950.03,-11.58,348.16
71.3,,riding,108.3,-2.69,-9.64,-0.321,71.5,0.0,0.0,9.6,-0.3,1.0,1.0,1.4,1.4,offroad,offroad,1,1,2287.7,-12.73,418,0,952.89,-11.93,349.08
71.4,,riding,106.2,-5.80,-13.81,-0.468,69.0,0.0,0.0,29.7,-1.3,1.0,1.0,1.5,1.5,offroad,offroad,1,1,2290.2,-14.24,890,0,955.68,-12.26,350.04
71.5,,riding,104.1,-5.67,-12.81,-0.443,66.3,0.0,0.0,41.6,-1.8,1.0,1.0,1.5,1.5,offroad,offroad,1,1,2293.2,-15.57,297,0,958.39,-12.54,351.08
71.6,,riding,102.2,-5.50,-11.89,-0.419,63.8,0.0,0.0,45.4,-1.9,1.0,1.0,1.6,1.6,offroad,offroad,1,1,2296.3,-16.71,252,0,961.01,-12.77,352.21
71.7,,riding,100.3,-5.21,-10.76,-0.386,61.4,0.0,0.0,46.8,-1.9,1.0,1.0,1.6,1.6,offroad,offroad,1,1,2299.1,-17.68,243,0,963.53,-12.95,353.42
71.8,,riding,98.5,-4.88,-8.56,-0.313,59.4,0.0,0.0,45.9,-1.7,1.0,1.0,1.7,1.7,offroad,offroad,1,1,2301.8,-18.52,243,0,965.96,-13.09,354.72
71.9,,riding,96.9,-4.54,-8.01,-0.297,57.6,0.0,0.0,42.7,-1.5,1.0,1.0,1.8,1.8,offroad,offroad,1,1,2304.6,-19.22,268,0,968.30,-13.21,356.07
72.0,,riding,95.4,-4.08,-1.88,-0.071,56.8,0.0,0.0,31.8,-1.1,1.0,0.0,0.0,1.8,offroad,offroad,1,1,2307.3,-19.83,313,0,970.57,-13.31,357.47
72.1,,riding,94.1,-3.72,-0.70,-0.027,56.5,0.0,0.0,15.3,-0.6,1.0,0.0,0.0,1.9,offroad,offroad,1,1,2310.1,-20.35,313,0,972.78,-13.41,358.89
72.2,,riding,92.8,-3.44,-2.74,-0.106,56.2,0.0,0.0,12.0,-0.5,1.0,1.0,1.9,1.9,offroad,offroad,1,1,2313.2,-20.81,659,0,974.95,-13.51,360.31
72.3,,riding,91.7,-3.17,-7.72,-0.303,54.8,0.0,0.0,21.0,-0.8,1.0,1.0,2.0,2.0,offroad,offroad,1,1,2316.3,-21.16,3027,0,977.07,-13.63,361.73
72.4,,riding,90.5,-3.30,-13.31,-0.529,52.2,0.0,0.0,35.6,-1.4,1.0,1.0,2.0,2.0,offroad,offroad,1,1,2318.4,-21.44,3027,0,979.13,-13.76,363.20
72.5,,riding,89.2,-3.65,-14.33,-0.578,48.9,0.0,0.0,42.9,-2.0,1.0,1.0,2.1,2.1,offroad,offroad,1,1,2320.6,-21.63,599,0,981.10,-13.83,364.73
72.6,,riding,87.9,-3.71,-14.40,-0.590,45.5,0.0,0.0,45.9,-2.3,1.0,1.0,2.1,2.1,offroad,offroad,1,1,2322.9,-21.75,422,0,982.95,-13.83,366.34
72.7,,riding,86.3,-4.33,-8.06,-0.336,42.6,0.0,0.0,47.1,-2.7,1.0,0.0,0.0,2.2,offroad,offroad,1,1,2325.0,-21.76,422,0,984.70,-13.78,368.00
72.8,,riding,84.7,-4.59,-5.43,-0.231,41.1,0.0,0.0,38.6,-2.2,1.0,0.0,0.0,2.3,offroad,offroad,1,1,2327.2,-21.70,380,0,986.35,-13.70,369.70
72.9,,riding,83.1,-4.29,-3.46,-0.150,40.1,0.0,0.0,30.1,-1.7,1.0,0.0,0.0,2.4,offroad,offroad,1,1,2329.5,-21.58,430,0,987.92,-13.60,371.42
73.0,,riding,81.8,-3.56,-1.49,-0.065,39.5,0.0,0.0,21.4,-1.1,1.0,0.0,0.0,2.5,offroad,offroad,1,1,2331.7,-21.42,639,0,989.42,-13.51,373.14
73.1,,riding,81.0,-2.20,-0.01,-0.000,39.4,0.0,0.0,11.0,-0.5,1.0,0.0,0.0,2.5,offroad,offroad,1,1,2333.9,-21.22,639,0,990.88,-13.42,374.87
73.2,,riding,80.4,-1.80,0.31,0.014,39.4,0.0,0.0,3.8,-0.3,1.0,0.0,0.0,2.6,offroad,offroad,1,1,2336.1,-21.01,1036,0,992.31,-13.33,376.59
73.3,,riding,79.8,-1.68,0.37,0.017,39.5,0.0,0.0,0.3,-0.2,1.0,0.0,0.0,2.6,offroad,offroad,1,1,2338.3,-20.79,1650,0,993.73,-13.25,378.30
73.4,,riding,79.2,-1.66,-7.48,-0.340,38.9,0.0,0.0,5.2,-0.2,1.0,1.0,2.6,2.6,offroad,offroad,1,1,2340.5,-20.58,2527,0,995.13,-13.16,380.01
73.5,,riding,78.4,-2.25,-14.18,-0.651,35.8,0.0,0.0,29.3,-1.5,1.0,1.0,2.7,2.7,offroad,offroad,1,1,2342.7,-20.33,2527,0,996.48,-13.06,381.73
73.6,,riding,76.5,-5.23,-22.75,-1.071,30.6,0.0,0.0,40.4,-4.1,1.0,1.0,2.8,2.8,offroad,offroad,1,1,2344.8,-20.00,3612,0,997.74,-12.96,383.47
73.7,,riding,73.8,-7.61,-31.41,-1.533,22.8,0.0,0.0,44.9,-9.2,1.0,0.0,0.0,3.0,offroad,offroad,1,1,2346.8,-19.59,4936,0,998.87,-12.84,385.20
73.8,,riding,70.5,-9.11,-40.61,-2.074,12.0,0.0,0.0,46.7,-17.1,1.0,0.0,0.0,3.3,offroad,offroad,1,1,2348.8,-19.10,4936,0,999.87,-12.72,386.91
73.9,,riding,66.6,-10.78,-49.55,-2.679,-2.1,0.0,0.0,47.5,-28.4,1.0,0.0,0.0,3.7,offroad,offroad,1,1,2350.6,-18.54,6718,0,1000.74,-12.60,388.58
74.0,,riding,62.0,-12.67,-56.87,-3.300,-19.9,0.0,0.0,47.8,-43.5,1.0,0.0,0.0,4.2,offroad,offroad,1,1,2352.2,-17.94,9341,0,1001.47,-12.48,390.17
74.1,,riding,56.8,-14.58,-60.23,-3.818,-41.0,0.0,0.0,47.9,-62.4,1.0,0.0,0.0,5.0,offroad,offroad,1,1,2353.8,-17.32,9341,0,1002.08,-12.36,391.67
74.2,,riding,51.0,-16.01,-57.45,-4.054,-64.2,0.0,0.0,48.0,-84.3,1.0,-1.0,-5.5,5.5,offroad,offroad,1,1,2355.1,-16.71,13802,0,1002.59,-12.24,393.03
74.3,,riding,-45.1,-267.01,48.69,-3.886,-87.5,0.0,0.0,13.2,-107.7,1.0,-1.0,-6.2,6.2,offroad,offroad,1,1,2356.3,-16.16,13802,0,1003.04,-12.14,394.25
74.4,,riding,-39.5,15.55,36.54,-3.330,-108.5,0.0,0.0,-23.1,-130.9,1.0,-1.0,-7.1,7.1,offroad,offroad,1,1,2357.4,-15.69,13802,0,1003.45,-12.05,395.31
74.5,,riding,-34.8,13.07,24.71,-2.556,-125.3,0.0,0.0,-37.9,-152.5,1.0,0.0,0.0,8.1,offroad,offroad,1,1,2358.3,-15.33,23721,0,1003.87,-11.98,396.21
74.6,,riding,-31.0,10.47,14.50,-1.682,-137.4,0.0,0.0,-43.9,-170.9,1.0,0.0,0.0,9.1,offroad,offroad,1,1,2359.2,-15.09,23721,0,1004.32,-11.93,396.97
74.7,,riding,-28.2,7.88,3.15,-0.403,-142.5,0.0,0.0,-39.6,-179.8,0.0,0.0,0.0,10.0,offroad,offroad,1,1,2360.0,-14.95,23721,0,1004.79,-11.88,397.62
74.8,,riding,-26.2,5.49,0.42,-0.057,-143.4,0.0,0.0,-21.5,179.1,0.0,0.0,0.0,10.8,offroad,offroad,1,1,2360.8,-14.86,23721,0,1005.25,-11.85,398.21
74.9,,riding,-24.3,5.31,-0.05,0.008,-143.5,0.0,0.0,-9.2,179.2,0.0,0.0,0.0,11.6,offroad,offroad,1,1,2361.5,-14.77,70506,0,1005.67,-11.81,398.76
75.0,,riding,-22.5,5.11,-0.13,0.020,-143.4,0.0,0.0,-3.4,179.3,0.0,0.0,0.0,12.5,offroad,offroad,1,1,2362.1,-14.68,70506,0,1006.05,-11.78,399.27
75.1,,riding,-20.7,4.93,-0.13,0.023,-143.3,0.0,0.0,-0.9,179.3,0.0,0.0,0.0,13.5,offroad,offroad,1,1,2362.7,-14.60,70506,0,1006.41,-11.75,399.73
75.2,,riding,-19.0,4.75,-0.12,0.023,-143.1,0.0,0.0,0.1,179.2,0.0,0.0,0.0,14.7,offroad,offroad,1,1,2363.2,-14.53,70506,0,1006.74,-11.72,400.16
75.3,,riding,-17.3,4.58,-0.11,0.024,-143.0,0.0,0.0,0.5,179.1,0.0,0.0,0.0,16.0,offroad,offroad,1,1,2363.7,-14.47,70506,0,1007.04,-11.69,400.55
75.4,,riding,-15.7,4.41,-0.10,0.024,-142.9,0.0,0.0,0.6,179.0,0.0,0.0,0.0,17.5,offroad,offroad,1,1,2364.2,-14.42,76743,0,1007.32,-11.67,400.91
75.5,,riding,-14.2,4.25,-0.09,0.024,-142.7,0.0,0.0,0.6,178.9,0.0,0.0,0.0,19.2,offroad,offroad,1,1,2364.6,-14.37,76743,0,1007.57,-11.65,401.23
75.6,,riding,-12.7,4.09,-0.08,0.023,-142.6,0.0,0.0,0.5,178.8,0.0,0.0,0.0,21.2,offroad,offroad,1,1,2365.0,-14.33,76743,0,1007.80,-11.63,401.51
75.7,,riding,-11.3,3.95,-0.07,0.023,-142.5,0.0,0.0,0.5,178.6,0.0,0.0,0.0,23.6,offroad,offroad,1,1,2365.3,-14.29,76743,0,1008.00,-11.61,401.76
75.8,,riding,-10.0,3.81,-0.06,0.023,-142.3,0.0,0.0,0.4,178.4,0.0,0.0,0.0,26.3,offroad,offroad,1,1,2365.6,-14.26,76743,0,1008.18,-11.59,401.99
75.9,,riding,-8.6,3.67,-0.06,0.023,-142.2,0.0,0.0,0.3,178.1,0.0,0.0,0.0,29.7,offroad,offroad,1,1,2365.8,-14.24,76743,0,1008.34,-11.58,402.18
76.0,,riding,-7.4,3.53,-0.05,0.023,-142.0,0.0,0.0,0.3,177.7,0.0,0.0,0.0,32.0,offroad,offroad,1,1,2366.1,-14.22,76743,0,1008.48,-11.57,402.34
76.1,,riding,-6.7,1.96,-0.04,0.023,-141.9,0.0,0.0,0.2,177.5,0.0,0.0,0.0,32.0,offroad,offroad,1,1,2366.2,-14.20,76743,0,1008.60,-11.56,402.49
76.2,,riding,-6.2,1.19,-0.04,0.024,-141.8,0.0,0.0,0.2,177.3,0.0,0.0,0.0,32.0,offroad,offroad,1,1,2366.4,-14.19,76743,0,1008.72,-11.55,402.62
76.3,,riding,-5.8,1.14,-0.04,0.024,-141.6,0.0,0.0,0.1,177.1,0.0,0.0,0.0,32.0,offroad,offroad,1,1,2366.6,-14.18,76743,0,1008.82,-11.55,402.74
76.4,,riding,-5.4,1.10,-0.04,0.023,-141.5,0.0,0.0,0.1,176.9,0.0,0.0,0.0,32.0,offroad,offroad,1,1,2366.7,-14.17,76743,0,1008.93,-11.54,402.86
76.5,,riding,-5.0,1.05,-0.03,0.023,-141.4,0.0,0.0,0.1,176.6,0.0,0.0,0.0,32.0,offroad,offroad,1,1,2366.9,-14.16,76743,0,1009.02,-11.53,402.96
76.6,,riding,-4.7,1.01,-0.03,0.023,-141.2,0.0,0.0,0.1,176.3,0.0,0.0,0.0,32.0,offroad,offroad,1,1,2367.0,-14.16,76743,0,1009.11,-11.53,403.06
76.7,,riding,-4.3,0.97,-0.03,0.023,-141.1,0.0,0.0,0.1,176.0,0.0,0.0,0.0,32.0,offroad,offroad,1,1,2367.2,-14.15,24431,0,1009.19,-11.52,403.15
76.8,,riding,-4.0,0.94,-0.03,0.023,-141.0,0.0,0.0,0.1,175.7,0.0,0.0,0.0,32.0,offroad,offroad,1,1,2367.3,-14.15,24431,0,1009.27,-11.51,403.24
76.9,,riding,-3.7,0.90,-0.02,0.023,-140.8,0.0,0.0,0.1,175.3,0.0,0.0,0.0,32.0,offroad,offroad,1,1,2367.4,-14.14,24431,0,1009.34,-11.51,403.31
77.0,,riding,-3.4,0.86,-0.02,0.023,-140.7,0.0,0.0,0.0,174.8,0.0,0.0,0.0,32.0,offroad,offroad,1,1,2367.5,-14.14,24431,0,1009.41,-11.51,403.38
77.1,,riding,-3.1,0.83,-0.02,0.023,-140.6,0.0,0.0,0.0,174.3,0.0,0.0,0.0,32.0,offroad,offroad,1,1,2367.6,-14.14,24431,0,1009.47,-11.50,403.44
77.2,,riding,-2.8,0.80,-0.02,0.023,-140.4,0.0,0.0,0.0,173.6,0.0,0.0,0.0,32.0,offroad,offroad,1,1,2367.6,-14.14,24431,0,1009.53,-11.50,403.50
77.3,,riding,-2.5,0.76,-0.02,0.023,-140.3,0.0,0.0,0.0,172.9,0.0,0.0,0.0,32.0,offroad,offroad,1,1,2367.7,-14.15,24431,0,1009.58,-11.50,403.55
77.4,,riding,-2.2,0.73,-0.01,0.023,-140.2,0.0,0.0,0.0,172.0,0.0,0.0,0.0,32.0,offroad,offroad,1,1,2367.8,-14.15,24431,0,1009.63,-11.49,403.59
77.5,,riding,-2.0,0.70,-0.01,0.023,-140.0,0.0,0.0,0.0,171.0,0.0,0.0,0.0,32.0,offroad,offroad,1,1,2367.8,-14.15,24431,0,1009.67,-11.49,403.63
77.6,,riding,-1.7,0.67,-0.01,0.022,-139.9,0.0,0.0,0.0,0.0,0.0,0.0,0.0,32.0,offroad,offroad,1,1,2367.9,-14.16,24431,0,1009.71,-11.49,403.66
77.7,,riding,-1.5,0.65,-0.01,0.022,-139.8,0.0,0.0,0.0,0.0,0.0,0.0,0.0,32.0,offroad,offroad,1,1,2367.9,-14.16,24431,0,1009.74,-11.49,403.69
77.8,,riding,-1.3,0.61,-0.01,0.022,-139.6,0.0,0.0,0.0,0.0,0.0,0.0,0.0,32.0,offroad,offroad,1,1,2368.0,-14.17,24431,0,1009.77,-11.49,403.71
77.9,,riding,-1.1,0.58,-0.01,0.022,-139.5,0.0,0.0,0.0,0.0,0.0,0.0,0.0,32.0,offroad,offroad,1,1,2368.0,-14.17,24431,0,1009.80,-11.49,403.73
78.0,,riding,-0.9,0.54,-0.01,0.022,-139.4,0.0,0.0,0.0,0.0,0.0,0.0,0.0,32.0,offroad,offroad,1,1,2368.0,-14.18,24431,0,1009.82,-11.49,403.74
78.1,,riding,-0.7,0.49,-0.00,0.022,-139.2,0.0,0.0,0.0,0.0,0.0,0.0,0.0,32.0,offroad,offroad,1,1,2368.0,-14.19,24431,0,1009.84,-11.49,403.75
78.2,,riding,-0.6,0.42,-0.00,0.022,-139.1,0.0,0.0,0.0,0.0,0.0,0.0,0.0,32.0,offroad,offroad,1,1,2368.1,-14.19,24431,0,1009.85,-11.49,403.75
78.3,,riding,-0.4,0.31,-0.00,0.022,-139.0,0.0,0.0,0.0,0.0,0.0,0.0,0.0,32.0,offroad,offroad,1,1,2368.1,-14.20,24431,0,1009.86,-11.49,403.75
78.4,,riding,-0.4,0.13,-0.00,0.022,-138.9,0.0,0.0,0.0,0.0,0.0,0.0,0.0,32.0,offroad,offroad,1,1,2368.1,-14.21,24431,0,1009.87,-11.49,403.75
78.5,,riding,0.4,2.31,0.00,0.022,-138.7,0.0,0.0,0.0,0.0,0.0,0.0,0.0,32.0,offroad,offroad,1,1,2368.1,-14.22,24431,0,1009.88,-11.49,403.74
